OrderID,Region,Product,Quantity,UnitPrice,Discount,AdvertisingSpend,CustomerAge,Sales
1001,East,Clothing,15,2296,5,9066,54,32718.0
1002,West,Food,12,3847,10,7726,29,41547.6
1003,North,Electronics,16,751,0,5662,47,12016.0
1004,East,Electronics,19,869,10,706,44,14859.9
1005,East,Electronics,8,2521,0,5375,56,20168.0
1006,West,Electronics,17,880,15,1819,26,12716.0
1007,North,Furniture,5,1816,15,1641,38,7718.0
1008,North,Electronics,16,4083,20,5127,29,52262.4
1009,East,Furniture,6,1411,10,7889,46,7619.4
1010,South,Furniture,8,3459,0,3190,50,27672.0
1011,East,Electronics,18,622,15,7823,60,9516.6
1012,East,Electronics,12,621,5,3755,32,7079.4
1013,East,Clothing,15,4978,15,8781,19,63469.5
1014,East,Food,9,2420,5,5713,56,20691.0
1015,West,Electronics,13,1035,0,4608,61,13455.0
1016,North,Clothing,15,2330,15,3520,35,29707.5
1017,West,Clothing,10,4140,15,2357,20,35190.0
1018,West,Food,16,4683,0,9496,24,74928.0
1019,West,Furniture,7,3797,15,9636,60,22592.15
1020,East,Electronics,17,2937,5,3289,35,47432.55
1021,South,Food,7,4183,15,4375,61,24888.85
1022,North,Electronics,14,2561,10,8105,55,32268.6
1023,South,Clothing,15,3343,20,8635,54,40116.0
1024,West,Clothing,7,3459,5,6555,50,23002.35
1025,West,Furniture,9,785,10,4382,61,6358.5
1026,South,Clothing,19,2260,0,7675,48,42940.0
1027,South,Clothing,16,4088,5,7629,28,62137.6
1028,South,Food,8,4166,20,5521,21,26662.4
1029,West,Electronics,18,1667,20,5235,35,24004.8
1030,West,Electronics,18,138,0,2887,21,2484.0
1031,North,Food,7,2644,0,7082,51,18508.0
1032,North,Furniture,3,4975,5,9633,46,14178.75
1033,West,Electronics,18,1356,15,6366,41,20746.8
1034,South,Clothing,10,3090,0,3066,39,30900.0
1035,South,Electronics,7,2296,15,1475,19,13661.2
1036,North,Clothing,17,3568,10,7712,61,54590.4
1037,West,Furniture,14,2808,20,9646,23,31449.6
1038,North,Food,3,401,15,1762,59,1022.55
1039,North,Electronics,12,746,20,5547,42,7161.6
1040,East,Food,13,4858,15,9635,38,53680.9
1041,East,Electronics,2,1859,10,7882,33,3346.2
1042,East,Clothing,3,4451,0,6731,48,13353.0
1043,South,Food,5,697,10,3827,31,3136.5
1044,West,Electronics,11,761,0,6130,56,8371.0
1045,West,Clothing,8,4430,0,2759,45,35440.0
1046,West,Food,12,1468,20,1757,49,14092.8
1047,West,Food,7,2681,10,964,45,16890.3
1048,East,Electronics,15,3968,15,3794,26,50592.0
1049,South,Electronics,17,3637,10,7274,62,55646.1
1050,South,Electronics,4,4965,20,7931,39,15888.0
1051,East,Clothing,13,4408,0,1730,49,57304.0
1052,South,Electronics,18,4658,20,9576,22,67075.2
1053,East,Food,1,382,5,4305,40,362.9
1054,West,Food,16,3778,5,6919,22,57425.6
1055,East,Electronics,13,1586,15,6250,59,17525.3
1056,West,Electronics,10,4182,20,4356,49,33456.0
1057,West,Furniture,12,4283,15,3635,27,43686.6
1058,North,Food,2,560,15,7453,56,952.0
1059,East,Clothing,3,2425,5,9616,32,6911.25
1060,North,Furniture,10,3854,15,6534,24,32759.0
1061,East,Electronics,2,2568,5,5089,46,4879.2
1062,East,Electronics,13,1824,0,2046,64,23712.0
1063,North,Food,13,1476,20,6565,20,15350.4
1064,North,Electronics,18,2843,15,1594,36,43497.9
1065,East,Clothing,3,614,5,2911,27,1749.9
1066,South,Food,7,802,10,3117,45,5052.6
1067,West,Electronics,14,1753,15,9454,46,20860.7
1068,North,Food,17,2166,0,4645,32,36822.0
1069,West,Electronics,12,122,0,3275,52,1464.0
1070,South,Electronics,16,2560,10,7128,23,36864.0
1071,South,Electronics,12,1404,5,3655,29,16005.6
1072,South,Clothing,15,3400,15,4470,64,43350.0
1073,North,Clothing,10,461,5,8472,55,4379.5
1074,South,Food,7,3827,0,9275,30,26789.0
1075,North,Electronics,5,1384,5,5915,46,6574.0
1076,South,Electronics,1,614,0,4831,36,614.0
1077,West,Clothing,17,548,5,2442,20,8850.2
1078,West,Electronics,3,1955,10,6526,25,5278.5
1079,East,Clothing,13,3662,20,8801,25,38084.8
1080,West,Electronics,14,2620,10,691,37,33012.0
1081,East,Food,18,3181,10,9595,64,51532.2
1082,West,Electronics,4,1528,20,1361,21,4889.6
1083,North,Electronics,18,4067,20,7211,38,58564.8
1084,West,Furniture,5,1022,15,9775,20,4343.5
1085,East,Clothing,16,3237,15,1149,62,44023.2
1086,East,Electronics,1,2259,10,4634,25,2033.1
1087,South,Electronics,14,2647,10,8087,40,33352.2
1088,North,Furniture,15,3079,0,9328,33,46185.0
1089,West,Furniture,9,2381,0,1536,30,21429.0
1090,South,Clothing,15,2749,15,4631,20,35049.75
1091,West,Furniture,17,413,15,2648,26,5967.85
1092,West,Food,4,2713,0,5957,31,10852.0
1093,South,Furniture,12,3183,0,6579,30,38196.0
1094,South,Food,5,2356,5,2930,24,11191.0
1095,South,Clothing,5,1137,5,2379,32,5400.75
1096,South,Clothing,11,3589,0,8042,24,39479.0
1097,South,Clothing,6,2734,5,2511,55,15583.8
1098,West,Clothing,7,4083,20,3873,51,22864.8
1099,South,Clothing,14,1878,15,7857,58,22348.2
1100,North,Food,11,3995,15,1789,39,37353.25
1101,East,Food,13,1224,0,1947,41,15912.0
1102,South,Clothing,2,797,10,3699,54,1434.6
1103,South,Furniture,7,2279,0,6881,61,15953.0
1104,West,Electronics,4,1504,5,8022,18,5715.2
1105,South,Clothing,8,1143,10,6559,27,8229.6
1106,South,Furniture,19,2029,5,3683,60,36623.45
1107,South,Electronics,13,1113,20,5962,33,11575.2
1108,West,Clothing,14,326,5,3716,63,4335.8
1109,South,Clothing,10,1928,20,3636,25,15424.0
1110,East,Food,11,2123,20,3818,42,18682.4
1111,West,Electronics,2,2552,5,3282,29,4848.8
1112,East,Electronics,9,2185,5,9682,42,18681.75
1113,West,Furniture,17,4383,20,8157,34,59608.8
1114,South,Food,3,1180,10,5420,43,3186.0
1115,East,Food,6,2420,20,6824,63,11616.0
1116,West,Food,5,3290,15,6827,31,13982.5
1117,North,Food,5,2730,20,8917,58,10920.0
1118,South,Electronics,15,2663,10,1276,53,35950.5
1119,West,Electronics,17,3392,15,5708,40,49014.4
1120,North,Clothing,9,4721,0,1187,60,42489.0
1121,West,Clothing,3,3686,0,1029,23,11058.0
1122,North,Food,17,4531,10,5567,64,69324.3
1123,South,Food,10,3047,20,8580,22,24376.0
1124,East,Food,3,4059,5,6018,60,11568.15
1125,North,Clothing,18,2913,10,2653,42,47190.6
1126,West,Furniture,18,2683,15,9986,35,41049.9
1127,South,Furniture,17,261,15,6594,30,3771.45
1128,North,Clothing,3,693,0,7474,60,2079.0
1129,West,Clothing,3,3359,15,5274,31,8565.45
1130,West,Clothing,6,4255,10,8192,45,22977.0
1131,West,Clothing,13,3062,15,3603,35,33835.1
1132,North,Clothing,15,3988,10,2940,45,53838.0
1133,North,Clothing,9,3490,5,4635,44,29839.5
1134,North,Food,4,4601,0,7624,49,18404.0
1135,East,Food,14,763,15,5701,64,9079.7
1136,North,Food,5,1232,10,1344,26,5544.0
1137,North,Food,2,641,20,946,57,1025.6
1138,North,Clothing,11,3074,0,4415,49,33814.0
1139,East,Furniture,9,967,5,3609,37,8267.85
1140,North,Electronics,3,2166,10,1734,45,5848.2
1141,West,Clothing,9,531,5,7087,50,4540.05
1142,North,Electronics,3,4935,5,726,21,14064.75
1143,West,Furniture,2,4378,15,4643,63,7442.6
1144,West,Food,12,1306,15,7685,51,13321.2
1145,West,Furniture,10,2628,10,6058,20,23652.0
1146,East,Clothing,9,1269,20,686,43,9136.8
1147,East,Food,15,930,10,3035,25,12555.0
1148,East,Clothing,8,1751,20,2432,23,11206.4
1149,North,Food,5,1236,5,9540,33,5871.0
1150,West,Electronics,11,2910,0,2532,41,32010.0
1151,East,Electronics,2,575,10,1752,56,1035.0
1152,East,Electronics,15,2910,10,6009,47,39285.0
1153,North,Furniture,6,1426,20,5574,62,6844.8
1154,East,Clothing,8,1119,5,2381,30,8504.4
1155,North,Furniture,5,1936,5,769,22,9196.0
1156,South,Electronics,16,4356,20,2130,42,55756.8
1157,East,Clothing,18,2548,5,4905,37,43570.8
1158,South,Electronics,6,4393,15,6639,35,22404.3
1159,North,Furniture,5,1383,0,2074,64,6915.0
1160,West,Furniture,16,759,10,2195,35,10929.6
1161,East,Furniture,13,2110,0,3758,19,27430.0
1162,North,Electronics,5,498,10,3762,27,2241.0
1163,West,Clothing,13,1833,15,1945,62,20254.65
1164,West,Clothing,17,2225,5,6763,64,35933.75
1165,South,Electronics,18,2271,20,8911,29,32702.4
1166,North,Clothing,8,174,15,552,64,1183.2
1167,West,Electronics,13,4797,0,6070,30,62361.0
1168,East,Clothing,19,3571,20,8079,64,54279.2
1169,East,Food,3,936,5,2166,28,2667.6
1170,South,Food,8,599,15,7401,36,4073.2
1171,West,Furniture,2,237,20,3285,52,379.2
1172,North,Food,8,2197,15,1219,56,14939.6
1173,East,Food,13,3796,15,9097,43,41945.8
1174,West,Food,13,1985,5,7355,63,24514.75
1175,West,Electronics,1,2857,10,2794,31,2571.3
1176,South,Food,6,4020,20,8763,62,19296.0
1177,East,Food,19,2000,5,9921,61,36100.0
1178,East,Furniture,16,2710,15,4982,41,36856.0
1179,North,Food,8,4086,5,1198,58,31053.6
1180,East,Food,1,1549,10,7743,18,1394.1
1181,North,Clothing,16,646,20,9518,60,8268.8
1182,East,Furniture,9,4776,10,6418,39,38685.6
1183,South,Furniture,13,2103,0,848,40,27339.0
1184,East,Furniture,11,2196,20,5874,36,19324.8
1185,North,Furniture,13,803,10,8369,35,9395.1
1186,North,Furniture,10,2503,15,807,29,21275.5
1187,South,Furniture,4,1725,20,3916,45,5520.0
1188,East,Electronics,6,3431,20,5320,45,16468.8
1189,East,Food,7,4833,5,4058,50,32139.45
1190,South,Furniture,5,3078,15,4978,36,13081.5
1191,East,Food,11,4836,0,7031,45,53196.0
1192,East,Food,13,2939,10,5120,54,34386.3
1193,North,Electronics,19,3484,5,3485,43,62886.2
1194,East,Furniture,10,2759,10,8612,52,24831.0
1195,East,Clothing,10,1961,0,8967,51,19610.0
1196,South,Electronics,11,2956,0,3047,52,32516.0
1197,South,Clothing,7,785,20,836,57,4396.0
1198,West,Food,18,4383,0,3479,33,78894.0
1199,North,Food,4,1719,10,4468,55,6188.4
1200,East,Electronics,2,4743,15,1410,30,8063.1
1201,East,Electronics,14,1531,15,2496,40,18218.9
1202,West,Clothing,13,975,20,3629,39,10140.0
1203,East,Furniture,12,4813,10,5947,33,51980.4
1204,North,Clothing,7,2561,10,6629,45,16134.3
1205,West,Electronics,2,1465,0,6350,52,2930.0
1206,North,Clothing,13,1343,10,4704,62,15713.1
1207,West,Electronics,14,262,5,7946,63,3484.6
1208,West,Clothing,17,2074,0,9019,25,35258.0
1209,South,Electronics,9,3391,5,814,61,28993.05
1210,North,Electronics,17,369,20,1634,39,5018.4
1211,East,Electronics,8,731,15,5376,38,4970.8
1212,East,Furniture,2,1005,20,8602,43,1608.0
1213,North,Clothing,13,3571,15,8847,57,39459.55
1214,East,Clothing,3,3353,20,6092,38,8047.2
1215,East,Clothing,16,2114,10,2224,42,30441.6
1216,North,Electronics,6,1741,5,3843,58,9923.7
1217,West,Clothing,19,304,15,1386,18,4909.6
1218,North,Clothing,7,681,0,1221,23,4767.0
1219,West,Electronics,10,940,5,8178,40,8930.0
1220,East,Food,9,1819,0,9604,40,16371.0
1221,East,Electronics,2,2743,5,3857,60,5211.7
1222,East,Clothing,15,2397,5,1370,60,34157.25
1223,South,Electronics,5,974,20,7251,40,3896.0
1224,West,Food,4,789,15,997,49,2682.6
1225,South,Electronics,4,4100,15,2256,47,13940.0
1226,South,Clothing,18,3241,5,1617,30,55421.1
1227,North,Food,4,1522,10,3328,60,5479.2
1228,South,Furniture,17,771,10,2147,35,11796.3
1229,North,Clothing,12,1271,0,7492,40,15252.0
1230,North,Food,17,3826,0,7271,32,65042.0
1231,South,Food,10,1043,20,642,50,8344.0
1232,West,Furniture,1,1549,5,3261,38,1471.55
1233,West,Electronics,18,3837,0,3935,56,69066.0
1234,West,Electronics,18,2639,0,7122,40,47502.0
1235,West,Clothing,14,4059,5,7569,44,53984.7
1236,West,Furniture,15,4360,20,5012,62,52320.0
1237,South,Electronics,12,2461,0,2348,61,29532.0
1238,South,Furniture,4,3752,20,3196,35,12006.4
1239,East,Electronics,3,3770,15,2217,41,9613.5
1240,West,Food,12,1853,20,3572,64,17788.8
1241,South,Electronics,7,2452,10,9759,57,15447.6
1242,East,Furniture,11,2038,10,3286,59,20176.2
1243,West,Food,1,470,20,4291,24,376.0
1244,North,Food,6,4579,10,9980,37,24726.6
1245,East,Food,15,2031,15,4371,44,25895.25
1246,South,Furniture,15,524,5,2306,23,7467.0
1247,North,Clothing,19,4824,10,2004,44,82490.4
1248,North,Clothing,11,994,10,3808,26,9840.6
1249,North,Clothing,2,697,20,7617,62,1115.2
1250,East,Furniture,14,3162,15,5548,48,37627.8
1251,South,Food,2,2436,5,8763,38,4628.4
1252,North,Clothing,4,4788,20,2190,43,15321.6
1253,West,Furniture,17,1787,20,3803,57,24303.2
1254,North,Clothing,3,672,15,3613,62,1713.6
1255,North,Electronics,13,2190,5,9574,30,27046.5
1256,East,Clothing,9,3769,15,8350,40,28832.85
1257,East,Clothing,7,4372,5,6916,37,29073.8
1258,South,Food,15,4724,15,2004,54,60231.0
1259,West,Furniture,11,1733,20,9424,45,15250.4
1260,East,Food,2,1617,20,4424,34,2587.2
1261,North,Food,15,4393,0,9115,45,65895.0
1262,South,Food,14,2757,10,4985,58,34738.2
1263,North,Food,11,3748,15,8600,19,35043.8
1264,North,Food,3,3688,0,9184,42,11064.0
1265,East,Clothing,17,1637,10,691,58,25046.1
1266,South,Food,12,3237,15,9190,23,33017.4
1267,West,Food,15,197,5,5417,28,2807.25
1268,West,Furniture,16,3315,10,6331,55,47736.0
1269,East,Electronics,5,4630,20,9948,23,18520.0
1270,East,Clothing,6,4832,0,4822,62,28992.0
1271,South,Clothing,19,3850,10,7499,28,65835.0
1272,West,Clothing,5,3257,10,9508,31,14656.5
1273,West,Food,3,4783,20,7782,19,11479.2
1274,West,Food,1,443,15,9778,57,376.55
1275,North,Food,6,4766,5,2374,20,27166.2
1276,West,Furniture,15,710,20,9562,52,8520.0
1277,North,Electronics,2,1827,5,5263,50,3471.3
1278,South,Food,3,2390,15,8964,41,6094.5
1279,North,Electronics,17,1954,10,9721,36,29896.2
1280,South,Furniture,12,2708,5,1551,35,30871.2
1281,West,Clothing,18,2179,0,8038,41,39222.0
1282,West,Food,15,2424,0,7911,62,36360.0
1283,South,Electronics,12,4727,20,6820,52,45379.2
1284,East,Electronics,16,1277,15,2605,18,17367.2
1285,South,Food,8,1191,20,807,53,7622.4
1286,East,Clothing,14,2891,20,8237,42,32379.2
1287,North,Clothing,17,1849,20,3859,62,25146.4
1288,North,Clothing,8,2775,0,3676,60,22200.0
1289,North,Furniture,15,881,0,1751,51,13215.0
1290,West,Electronics,14,3148,20,5866,42,35257.6
1291,North,Electronics,18,2205,0,2017,33,39690.0
1292,East,Electronics,7,3967,15,6726,51,23603.65
1293,North,Furniture,3,4642,20,5805,46,11140.8
1294,South,Electronics,12,2213,0,6369,36,26556.0
1295,South,Furniture,3,4070,5,8539,40,11599.5
1296,West,Clothing,14,2091,20,5391,36,23419.2
1297,South,Food,15,1167,20,5492,42,14004.0
1298,East,Electronics,14,1677,15,2461,33,19956.3
1299,North,Electronics,7,1111,10,3363,26,6999.3
1300,West,Clothing,17,2374,10,7103,18,36322.2
1301,North,Food,12,4969,15,5067,59,50683.8
1302,North,Furniture,4,1914,15,7013,36,6507.6
1303,East,Food,9,2526,15,4505,50,19323.9
1304,South,Clothing,6,4502,10,9614,51,24310.8
1305,South,Clothing,16,4974,15,683,33,67646.4
1306,North,Food,2,2651,0,8255,61,5302.0
1307,West,Furniture,8,3757,20,3858,57,24044.8
1308,South,Furniture,11,107,20,7115,35,941.6
1309,West,Electronics,13,2655,5,7297,51,32789.25
1310,South,Furniture,17,575,5,9228,42,9286.25
1311,West,Food,8,2311,20,8178,62,14790.4
1312,East,Clothing,18,584,0,6198,23,10512.0
1313,West,Electronics,18,4754,10,1773,38,77014.8
1314,East,Electronics,14,2385,10,7153,23,30051.0
1315,East,Clothing,15,4663,0,1596,49,69945.0
1316,West,Furniture,6,3625,10,9997,58,19575.0
1317,East,Clothing,11,3439,15,9607,60,32154.65
1318,North,Furniture,13,2922,20,8502,56,30388.8
1319,East,Clothing,1,3024,20,4747,48,2419.2
1320,South,Food,6,358,0,9720,59,2148.0
1321,West,Furniture,9,382,10,5814,27,3094.2
1322,North,Food,8,1998,5,3854,47,15184.8
1323,West,Electronics,11,4235,5,770,35,44255.75
1324,South,Clothing,19,3076,10,1686,41,52599.6
1325,South,Electronics,9,2367,5,6805,26,20237.85
1326,South,Electronics,17,3300,0,2898,48,56100.0
1327,East,Electronics,12,712,0,7495,32,8544.0
1328,East,Electronics,14,787,10,7799,21,9916.2
1329,West,Clothing,15,3790,5,4682,57,54007.5
1330,West,Electronics,16,712,0,2730,26,11392.0
1331,North,Clothing,1,2407,0,7011,62,2407.0
1332,North,Clothing,10,3113,15,628,26,26460.5
1333,West,Food,8,1881,15,9961,43,12790.8
1334,East,Furniture,18,2691,0,4172,21,48438.0
1335,South,Furniture,1,2796,10,5265,34,2516.4
1336,West,Clothing,2,4058,20,4470,33,6492.8
1337,North,Food,1,674,20,8045,32,539.2
1338,East,Clothing,1,2010,0,6052,52,2010.0
1339,West,Clothing,9,3704,0,1127,22,33336.0
1340,West,Clothing,13,769,0,7089,22,9997.0
1341,East,Food,1,4464,10,2544,37,4017.6
1342,West,Furniture,13,1383,15,2841,32,15282.15
1343,East,Food,7,1023,0,6384,35,7161.0
1344,South,Electronics,2,1225,0,8685,64,2450.0
1345,East,Food,6,1629,5,749,19,9285.3
1346,East,Food,7,1694,10,3425,46,10672.2
1347,East,Food,14,346,0,5543,30,4844.0
1348,West,Food,18,3811,5,1474,21,65168.1
1349,West,Furniture,15,1660,20,7692,59,19920.0
1350,East,Electronics,2,2500,0,9675,62,5000.0
1351,West,Furniture,10,2343,0,9580,27,23430.0
1352,North,Furniture,12,3964,5,3172,48,45189.6
1353,North,Food,17,2039,10,7779,58,31196.7
1354,West,Clothing,8,3169,0,8031,25,25352.0
1355,West,Clothing,11,326,20,9162,20,2868.8
1356,East,Furniture,3,3647,0,2487,63,10941.0
1357,South,Furniture,6,364,20,590,26,1747.2
1358,West,Food,9,1495,15,9221,47,11436.75
1359,North,Furniture,6,3657,15,4559,28,18650.7
1360,East,Food,9,745,20,3273,52,5364.0
1361,West,Clothing,7,3090,10,8883,54,19467.0
1362,North,Clothing,9,1999,0,7909,59,17991.0
1363,North,Electronics,18,2604,0,4940,30,46872.0
1364,South,Clothing,12,2872,15,7847,53,29294.4
1365,East,Furniture,8,1254,20,1508,30,8025.6
1366,East,Clothing,8,687,0,4283,29,5496.0
1367,South,Food,18,4671,0,7146,54,84078.0
1368,South,Clothing,15,1921,10,4798,27,25933.5
1369,East,Electronics,7,1085,5,5168,26,7215.25
1370,East,Clothing,11,4179,15,4787,24,39073.65
1371,West,Food,16,3448,15,2552,19,46892.8
1372,West,Food,4,3931,5,6509,40,14937.8
1373,South,Furniture,6,1341,0,2216,56,8046.0
1374,West,Clothing,3,289,10,810,57,780.3
1375,North,Food,9,1080,10,5038,56,8748.0
1376,West,Electronics,10,1798,15,1760,38,15283.0
1377,West,Furniture,14,1815,10,4432,40,22869.0
1378,North,Electronics,11,2693,5,1084,46,28141.85
1379,South,Clothing,18,4236,0,8116,31,76248.0
1380,North,Clothing,12,4533,5,9051,43,51676.2
1381,West,Clothing,12,1198,20,3366,22,11500.8
1382,South,Furniture,13,2426,15,6398,48,26807.3
1383,West,Food,13,3347,10,2511,42,39159.9
1384,North,Furniture,19,995,20,6751,48,15124.0
1385,North,Electronics,19,1774,10,5439,37,30335.4
1386,West,Furniture,14,3009,0,4506,61,42126.0
1387,East,Electronics,4,1030,0,2125,34,4120.0
1388,East,Furniture,13,4484,0,1390,62,58292.0
1389,North,Food,8,823,10,6578,19,5925.6
1390,North,Electronics,19,3040,20,7536,42,46208.0
1391,East,Clothing,12,1189,0,9423,30,14268.0
1392,East,Clothing,18,4678,20,4461,56,67363.2
1393,West,Furniture,6,1035,10,3004,45,5589.0
1394,West,Clothing,18,2395,20,9306,59,34488.0
1395,East,Electronics,19,255,10,4306,23,4360.5
1396,West,Clothing,5,1170,10,6600,20,5265.0
1397,West,Food,9,2058,15,2219,52,15743.7
1398,South,Food,3,2601,10,7186,35,7022.7
1399,West,Furniture,10,4319,10,2087,28,38871.0
1400,North,Electronics,19,3930,5,7500,37,70936.5
1401,West,Food,3,954,0,1396,22,2862.0
1402,West,Food,15,739,15,6058,36,9422.25
1403,East,Electronics,1,2338,15,8969,39,1987.3
1404,North,Clothing,7,1702,15,5147,36,10126.9
1405,West,Clothing,12,541,5,2932,64,6167.4
1406,West,Furniture,17,4728,10,4404,33,72338.4
1407,South,Clothing,5,1436,0,7337,41,7180.0
1408,West,Electronics,4,3800,20,1949,58,12160.0
1409,West,Food,12,1048,10,5000,21,11318.4
1410,South,Clothing,18,3473,5,5954,32,59388.3
1411,East,Furniture,17,559,10,9924,42,8552.7
1412,West,Clothing,19,4746,10,4617,61,81156.6
1413,South,Electronics,9,492,5,9369,52,4206.6
1414,North,Furniture,4,4038,15,2528,31,13729.2
1415,East,Clothing,2,1887,15,7345,36,3207.9
1416,North,Furniture,4,2357,0,4258,55,9428.0
1417,North,Electronics,2,1238,0,6404,53,2476.0
1418,South,Food,15,3908,15,5124,24,49827.0
1419,West,Electronics,2,4841,20,9348,47,7745.6
1420,South,Electronics,4,2554,10,665,36,9194.4
1421,South,Electronics,6,1566,20,5091,42,7516.8
1422,South,Electronics,7,3774,10,1089,33,23776.2
1423,South,Food,10,1477,15,5024,64,12554.5
1424,East,Food,19,2697,0,3321,57,51243.0
1425,West,Furniture,19,241,0,7009,25,4579.0
1426,North,Clothing,12,2759,20,8193,35,26486.4
1427,North,Food,3,4696,0,9954,45,14088.0
1428,West,Food,13,939,15,571,33,10375.95
1429,North,Clothing,18,3718,20,4080,36,53539.2
1430,West,Food,8,4017,10,8462,59,28922.4
1431,North,Electronics,15,695,0,768,34,10425.0
1432,South,Electronics,1,2004,5,2962,62,1903.8
1433,North,Clothing,3,380,0,9960,30,1140.0
1434,West,Furniture,8,523,10,1515,24,3765.6
1435,West,Furniture,4,4465,20,9775,44,14288.0
1436,West,Clothing,16,4349,10,8484,27,62625.6
1437,West,Clothing,10,1850,5,906,51,17575.0
1438,West,Electronics,12,4857,15,7884,53,49541.4
1439,East,Furniture,14,2067,0,6549,42,28938.0
1440,East,Food,14,4188,20,6669,23,46905.6
1441,North,Electronics,2,4278,15,8482,41,7272.6
1442,West,Clothing,5,3046,10,1485,35,13707.0
1443,North,Furniture,5,1549,20,4985,40,6196.0
1444,West,Food,6,2431,15,9401,23,12398.1
1445,West,Food,13,2320,20,3118,46,24128.0
1446,East,Electronics,9,3889,5,6789,42,33250.95
1447,East,Furniture,15,2910,5,7428,34,41467.5
1448,South,Furniture,14,4828,0,5868,63,67592.0
1449,East,Clothing,7,1631,0,5121,41,11417.0
1450,South,Furniture,2,4982,5,8066,28,9465.8
1451,South,Furniture,7,3090,20,5170,43,17304.0
1452,South,Electronics,6,4593,5,8158,51,26180.1
1453,South,Furniture,17,1243,0,1503,45,21131.0
1454,South,Food,2,1033,5,8004,20,1962.7
1455,North,Electronics,3,1560,5,2966,28,4446.0
1456,East,Electronics,5,2823,20,2439,55,11292.0
1457,South,Clothing,5,2612,15,2135,31,11101.0
1458,West,Furniture,1,385,0,8595,43,385.0
1459,East,Clothing,8,364,20,6765,38,2329.6
1460,East,Food,12,2467,5,2395,56,28123.8
1461,South,Electronics,4,3547,5,7024,47,13478.6
1462,North,Electronics,13,1862,15,1573,25,20575.1
1463,South,Electronics,15,3148,0,5684,37,47220.0
1464,North,Food,11,2481,0,2902,49,27291.0
1465,West,Food,10,2369,10,5395,39,21321.0
1466,East,Clothing,3,140,0,7831,24,420.0
1467,West,Clothing,14,167,15,9843,26,1987.3
1468,North,Clothing,16,1087,10,2456,62,15652.8
1469,North,Furniture,10,4108,10,7523,18,36972.0
1470,West,Electronics,10,3298,5,4407,46,31331.0
1471,North,Electronics,12,4890,5,1307,25,55746.0
1472,West,Clothing,9,2624,0,8878,21,23616.0
1473,East,Electronics,1,1185,10,5327,52,1066.5
1474,West,Clothing,5,2579,5,5024,20,12250.25
1475,East,Furniture,8,1793,15,9999,62,12192.4
1476,West,Furniture,11,2415,5,2784,57,25236.75
1477,North,Food,12,878,5,5813,24,10009.2
1478,West,Furniture,1,4689,10,1257,44,4220.1
1479,North,Clothing,11,1685,10,5387,18,16681.5
1480,West,Furniture,5,1592,20,4354,44,6368.0
1481,West,Food,15,760,15,4058,33,9690.0
1482,South,Electronics,5,1448,10,1461,55,6516.0
1483,North,Clothing,12,1399,0,4347,24,16788.0
1484,South,Electronics,5,4040,15,7226,61,17170.0
1485,North,Food,17,2086,15,4075,40,30142.7
1486,South,Food,17,2144,10,9567,58,32803.2
1487,East,Food,12,3616,15,2918,28,36883.2
1488,West,Electronics,15,1158,10,4698,59,15633.0
1489,North,Electronics,15,1076,5,1501,50,15333.0
1490,North,Electronics,6,4677,20,5744,53,22449.6
1491,West,Electronics,12,827,5,7619,54,9427.8
1492,North,Food,18,2627,10,4566,58,42557.4
1493,North,Food,14,3236,10,3345,34,40773.6
1494,South,Clothing,2,442,5,9349,52,839.8
1495,North,Clothing,9,1547,0,5816,22,13923.0
1496,East,Electronics,5,2479,0,922,49,12395.0
1497,East,Furniture,1,3759,0,7215,20,3759.0
1498,West,Furniture,3,626,10,4766,64,1690.2
1499,North,Food,6,1996,15,8049,52,10179.6
1500,West,Food,5,4854,10,6816,31,21843.0
1501,East,Food,5,2173,15,3210,48,9235.25
1502,North,Clothing,1,505,5,9144,48,479.75
1503,North,Clothing,17,1673,20,8569,34,22752.8
1504,West,Food,19,4700,15,2157,41,75905.0
1505,East,Food,14,3840,0,3041,40,53760.0
1506,North,Food,12,4374,10,7263,35,47239.2
1507,West,Furniture,10,4327,5,3575,31,41106.5
1508,East,Clothing,18,1946,0,3664,32,35028.0
1509,West,Furniture,11,1578,5,2553,32,16490.1
1510,South,Furniture,2,2495,20,8979,23,3992.0
1511,North,Food,18,871,10,6237,44,14110.2
1512,South,Food,7,678,10,3717,32,4271.4
1513,East,Electronics,15,3001,20,1947,53,36012.0
1514,South,Electronics,11,293,10,6509,25,2900.7
1515,South,Furniture,18,2107,15,1107,32,32237.1
1516,East,Clothing,12,1285,5,5052,20,14649.0
1517,West,Food,6,2494,0,2264,64,14964.0
1518,South,Food,13,3098,20,9917,30,32219.2
1519,West,Furniture,16,1892,15,9927,58,25731.2
1520,South,Electronics,18,1210,0,9721,51,21780.0
1521,West,Clothing,10,4105,0,3171,41,41050.0
1522,East,Electronics,8,2361,20,7019,57,15110.4
1523,South,Electronics,18,3836,15,4462,49,58690.8
1524,East,Electronics,1,3893,0,3677,49,3893.0
1525,South,Electronics,8,2036,0,4222,47,16288.0
1526,East,Food,6,4975,15,5406,30,25372.5
1527,East,Food,5,4457,10,7763,18,20056.5
1528,South,Electronics,15,829,0,5554,51,12435.0
1529,South,Clothing,15,4478,5,1308,32,63811.5
1530,South,Furniture,2,3551,15,9670,61,6036.7
1531,North,Clothing,1,4557,0,1225,31,4557.0
1532,West,Clothing,11,4636,20,8201,46,40796.8
1533,North,Clothing,10,2240,5,1716,51,21280.0
1534,North,Electronics,18,1744,0,4551,35,31392.0
1535,East,Food,18,2900,5,2697,24,49590.0
1536,South,Clothing,17,241,5,3306,46,3892.15
1537,West,Electronics,8,1555,10,9470,48,11196.0
1538,East,Clothing,15,4896,5,1472,42,69768.0
1539,North,Clothing,8,2196,10,6134,55,15811.2
1540,South,Electronics,17,1425,15,7983,31,20591.25
1541,East,Food,12,1313,10,2623,25,14180.4
1542,South,Food,8,1259,20,9290,44,8057.6
1543,East,Furniture,14,4750,0,724,19,66500.0
1544,South,Electronics,4,4599,15,9532,34,15636.6
1545,North,Furniture,1,4797,15,2314,54,4077.45
1546,West,Furniture,1,440,20,1606,31,352.0
1547,North,Furniture,19,3928,10,624,42,67168.8
1548,West,Food,16,2068,0,3746,47,33088.0
1549,South,Electronics,14,803,10,3431,46,10117.8
1550,East,Furniture,16,4513,5,3471,37,68597.6
1551,North,Electronics,5,2529,10,2517,38,11380.5
1552,West,Electronics,9,1900,15,7915,39,14535.0
1553,North,Food,2,4748,0,2915,52,9496.0
1554,West,Furniture,18,955,10,3596,54,15471.0
1555,North,Furniture,6,1912,0,2109,33,11472.0
1556,West,Electronics,9,2966,0,1217,60,26694.0
1557,West,Clothing,1,3742,5,4061,34,3554.9
1558,South,Food,9,282,5,9708,33,2411.1
1559,West,Food,16,3212,15,7282,19,43683.2
1560,South,Food,13,4592,20,1548,21,47756.8
1561,West,Food,9,1617,0,8807,38,14553.0
1562,East,Furniture,13,1456,20,8405,56,15142.4
1563,East,Furniture,9,2274,15,6078,51,17396.1
1564,East,Clothing,11,3729,0,2120,47,41019.0
1565,West,Food,4,3728,0,7048,23,14912.0
1566,South,Food,2,4196,20,7881,34,6713.6
1567,South,Electronics,6,3339,10,5280,56,18030.6
1568,West,Furniture,14,3791,5,4292,42,50420.3
1569,East,Food,4,118,10,3441,22,424.8
1570,East,Clothing,6,3503,20,6195,22,16814.4
1571,South,Clothing,19,4779,5,6901,37,86260.95
1572,East,Furniture,6,4651,10,9669,33,25115.4
1573,North,Clothing,2,3104,5,6697,58,5897.6
1574,South,Clothing,18,1232,0,5950,54,22176.0
1575,East,Furniture,13,3439,10,9475,57,40236.3
1576,South,Food,9,3411,5,8932,26,29164.05
1577,North,Food,19,3472,5,6374,22,62669.6
1578,South,Clothing,13,1087,5,2053,59,13424.45
1579,South,Clothing,11,3421,10,1512,19,33867.9
1580,South,Food,1,4715,15,8878,26,4007.75
1581,South,Furniture,7,273,10,2381,60,1719.9
1582,North,Clothing,15,3841,20,7299,53,46092.0
1583,West,Electronics,1,3152,10,5086,39,2836.8
1584,South,Furniture,12,826,5,9122,39,9416.4
1585,South,Clothing,7,3860,0,8930,39,27020.0
1586,East,Clothing,15,1975,10,6947,51,26662.5
1587,South,Electronics,19,4133,10,2845,46,70674.3
1588,East,Electronics,1,1089,5,575,55,1034.55
1589,West,Food,17,3844,0,6377,63,65348.0
1590,North,Furniture,17,2786,0,7285,50,47362.0
1591,North,Furniture,3,519,20,5422,35,1245.6
1592,West,Food,12,693,10,8590,24,7484.4
1593,North,Furniture,6,1874,0,2830,18,11244.0
1594,West,Furniture,11,2559,0,5186,50,28149.0
1595,West,Furniture,3,1035,15,2402,18,2639.25
1596,West,Furniture,8,3908,15,5170,41,26574.4
1597,North,Furniture,14,431,0,7643,21,6034.0
1598,East,Electronics,14,3549,20,2559,21,39748.8
1599,West,Furniture,10,2802,0,640,35,28020.0
1600,South,Electronics,2,4106,5,2289,44,7801.4
1601,North,Furniture,14,3968,10,516,60,49996.8
1602,West,Food,9,4300,20,964,49,30960.0
1603,West,Clothing,3,301,5,4971,50,857.85
1604,South,Electronics,8,2597,20,2327,45,16620.8
1605,East,Furniture,16,1942,5,9211,59,29518.4
1606,East,Food,2,1966,10,6456,58,3538.8
1607,East,Clothing,6,2096,10,589,53,11318.4
1608,West,Electronics,12,1009,15,5315,23,10291.8
1609,West,Clothing,5,4405,5,3351,33,20923.75
1610,West,Food,2,4758,15,3343,51,8088.6
1611,North,Electronics,16,3289,5,9617,40,49992.8
1612,South,Clothing,5,870,15,7043,59,3697.5
1613,West,Furniture,15,3255,10,6401,41,43942.5
1614,South,Electronics,12,2601,20,1469,30,24969.6
1615,South,Clothing,4,2814,15,1594,35,9567.6
1616,East,Food,15,4824,5,6624,30,68742.0
1617,North,Food,11,3685,5,7847,54,38508.25
1618,West,Electronics,16,1728,10,3695,60,24883.2
1619,East,Clothing,6,486,5,1904,56,2770.2
1620,East,Electronics,14,3521,0,7440,59,49294.0
1621,West,Electronics,18,4108,20,4790,34,59155.2
1622,South,Clothing,12,4193,15,4482,32,42768.6
1623,East,Clothing,11,4463,20,6055,35,39274.4
1624,South,Furniture,13,2566,10,8454,40,30022.2
1625,North,Clothing,11,2382,15,5213,47,22271.7
1626,South,Food,16,1956,15,3592,51,26601.6
1627,North,Electronics,15,2098,0,4659,21,31470.0
1628,South,Electronics,15,1336,10,6808,20,18036.0
1629,East,Food,4,4769,5,7978,24,18122.2
1630,East,Clothing,11,4244,0,8976,35,46684.0
1631,North,Food,19,1250,0,5433,59,23750.0
1632,West,Food,15,4418,20,5426,24,53016.0
1633,North,Furniture,4,1531,20,9879,57,4899.2
1634,North,Food,13,1919,20,4469,23,19957.6
1635,South,Electronics,19,2424,0,3465,39,46056.0
1636,South,Food,2,1230,5,4819,18,2337.0
1637,North,Electronics,14,2758,15,9475,21,32820.2
1638,East,Electronics,4,3600,20,7608,63,11520.0
1639,South,Electronics,16,474,5,9641,60,7204.8
1640,West,Clothing,14,2220,10,4439,46,27972.0
1641,South,Furniture,15,4120,20,544,38,49440.0
1642,South,Electronics,3,2121,15,2310,43,5408.55
1643,West,Electronics,8,3805,10,5066,31,27396.0
1644,North,Clothing,16,3359,10,9521,26,48369.6
1645,West,Electronics,10,3535,15,2409,64,30047.5
1646,North,Food,4,1989,20,6864,29,6364.8
1647,North,Food,18,1923,0,3081,59,34614.0
1648,North,Furniture,2,1574,15,1191,23,2675.8
1649,West,Electronics,17,2342,15,1431,37,33841.9
1650,North,Clothing,13,3343,15,8410,41,36940.15
1651,East,Food,4,3234,10,6882,44,11642.4
1652,West,Clothing,11,2170,5,3906,55,22676.5
1653,East,Clothing,7,459,0,8839,25,3213.0
1654,North,Food,12,2141,20,1532,18,20553.6
1655,South,Clothing,10,1241,20,1811,41,9928.0
1656,North,Food,7,1735,5,9079,64,11537.75
1657,East,Clothing,13,4100,15,3621,24,45305.0
1658,East,Food,7,2043,0,2373,36,14301.0
1659,West,Electronics,17,4874,20,9607,39,66286.4
1660,South,Furniture,10,3461,20,7281,52,27688.0
1661,West,Food,10,3080,15,4248,47,26180.0
1662,East,Food,4,106,5,777,46,402.8
1663,North,Furniture,4,3367,0,2359,39,13468.0
1664,South,Food,7,1691,5,6429,28,11245.15
1665,North,Food,1,3364,5,7292,37,3195.8
1666,North,Clothing,12,2706,0,5213,46,32472.0
1667,South,Furniture,13,3319,0,5175,58,43147.0
1668,West,Electronics,10,3373,20,1670,59,26984.0
1669,North,Food,15,1013,20,9181,51,12156.0
1670,East,Furniture,13,2111,0,9874,18,27443.0
1671,North,Clothing,9,1542,10,5808,48,12490.2
1672,South,Electronics,9,3154,20,2962,47,22708.8
1673,South,Furniture,15,3646,10,787,35,49221.0
1674,South,Electronics,10,4321,0,6453,34,43210.0
1675,West,Electronics,10,3028,20,4782,55,24224.0
1676,North,Electronics,8,1929,5,2407,31,14660.4
1677,West,Food,16,675,0,1661,40,10800.0
1678,West,Food,17,1029,15,629,42,14869.05
1679,South,Clothing,5,3859,10,6837,32,17365.5
1680,South,Clothing,4,3799,0,2863,63,15196.0
1681,West,Furniture,18,1563,0,8651,39,28134.0
1682,North,Clothing,19,3375,20,6483,20,51300.0
1683,East,Electronics,4,1154,20,643,36,3692.8
1684,West,Electronics,7,2000,20,8707,61,11200.0
1685,North,Food,10,1557,15,7969,51,13234.5
1686,South,Electronics,18,1499,20,744,52,21585.6
1687,South,Furniture,19,3515,0,1426,18,66785.0
1688,North,Electronics,4,542,20,3678,38,1734.4
1689,East,Electronics,10,3750,5,2676,46,35625.0
1690,South,Furniture,1,4752,20,5502,23,3801.6
1691,South,Clothing,18,1278,15,1386,54,19553.4
1692,South,Clothing,5,4558,5,9032,18,21650.5
1693,North,Furniture,15,1357,0,3898,18,20355.0
1694,West,Food,17,3734,0,8997,44,63478.0
1695,South,Electronics,3,1941,10,9599,38,5240.7
1696,West,Furniture,12,2409,5,3154,33,27462.6
1697,East,Electronics,2,1010,10,7892,61,1818.0
1698,South,Food,1,4440,5,1871,57,4218.0
1699,South,Electronics,17,4737,5,7635,43,76502.55
1700,East,Furniture,16,4109,15,820,33,55882.4
1701,South,Electronics,5,2269,10,5154,45,10210.5
1702,West,Clothing,15,2272,15,5800,18,28968.0
1703,North,Food,3,223,5,7261,53,635.55
1704,West,Food,7,3258,0,7354,27,22806.0
1705,North,Food,11,885,5,6005,60,9248.25
1706,North,Furniture,10,2516,15,9823,34,21386.0
1707,West,Food,9,896,10,7053,40,7257.6
1708,West,Clothing,14,4272,10,4542,24,53827.2
1709,West,Furniture,13,4254,15,9509,61,47006.7
1710,West,Clothing,2,2036,10,7998,24,3664.8
1711,East,Electronics,3,2256,20,7136,61,5414.4
1712,South,Electronics,7,3907,0,7862,32,27349.0
1713,North,Electronics,18,1401,0,511,51,25218.0
1714,West,Electronics,3,4263,0,694,63,12789.0
1715,West,Clothing,10,3240,10,3037,62,29160.0
1716,West,Furniture,7,3336,10,3342,21,21016.8
1717,East,Furniture,9,2452,5,2729,31,20964.6
1718,West,Food,17,2032,5,3509,31,32816.8
1719,West,Clothing,11,2821,0,8484,33,31031.0
1720,West,Electronics,7,464,20,2577,24,2598.4
1721,South,Clothing,14,2490,5,8345,49,33117.0
1722,East,Food,19,1046,5,4367,36,18880.3
1723,West,Food,4,1477,10,5373,19,5317.2
1724,North,Clothing,6,1539,20,9135,27,7387.2
1725,North,Clothing,10,3280,0,797,34,32800.0
1726,North,Clothing,7,4957,5,6356,54,32964.05
1727,East,Furniture,13,440,20,9536,29,4576.0
1728,East,Electronics,14,3089,20,1515,23,34596.8
1729,North,Clothing,4,482,0,1884,39,1928.0
1730,West,Clothing,8,1656,20,9245,49,10598.4
1731,East,Clothing,5,399,20,2850,58,1596.0
1732,North,Food,1,238,20,1769,37,190.4
1733,North,Food,4,458,5,1760,18,1740.4
1734,West,Furniture,3,1622,0,8201,64,4866.0
1735,South,Electronics,9,3556,20,8876,23,25603.2
1736,East,Furniture,8,1727,20,5063,36,11052.8
1737,West,Electronics,1,1403,5,7397,35,1332.85
1738,North,Food,6,1234,0,6172,23,7404.0
1739,North,Food,9,2286,10,6093,62,18516.6
1740,West,Food,7,3270,5,6655,50,21745.5
1741,East,Furniture,4,3935,0,6043,40,15740.0
1742,South,Clothing,13,2251,20,7740,40,23410.4
1743,South,Clothing,17,1337,0,5183,43,22729.0
1744,North,Food,2,3835,0,2381,30,7670.0
1745,East,Clothing,5,2934,0,9213,24,14670.0
1746,South,Clothing,12,4360,10,4309,32,47088.0
1747,East,Furniture,8,1098,0,6307,61,8784.0
1748,East,Electronics,6,2667,10,5383,44,14401.8
1749,North,Food,8,1407,20,7706,43,9004.8
1750,South,Food,18,756,10,4655,50,12247.2
1751,West,Furniture,3,2760,20,5173,32,6624.0
1752,North,Furniture,12,2311,20,1909,53,22185.6
1753,South,Clothing,3,2009,10,5697,62,5424.3
1754,South,Food,6,3830,5,7952,44,21831.0
1755,South,Electronics,2,2146,15,9218,22,3648.2
1756,South,Furniture,12,3262,0,2672,19,39144.0
1757,South,Electronics,2,1240,15,779,50,2108.0
1758,East,Electronics,6,366,0,4477,33,2196.0
1759,North,Food,17,1945,0,3169,40,33065.0
1760,East,Food,3,1808,20,8325,55,4339.2
1761,West,Furniture,2,3730,0,4481,33,7460.0
1762,South,Food,8,3311,0,5269,31,26488.0
1763,North,Food,12,2393,10,5747,46,25844.4
1764,South,Food,4,3832,15,4927,43,13028.8
1765,North,Electronics,5,3929,10,6635,52,17680.5
1766,East,Furniture,13,1610,0,6073,32,20930.0
1767,North,Clothing,15,575,20,4631,20,6900.0
1768,West,Electronics,16,1076,10,7689,40,15494.4
1769,West,Food,10,1307,10,5035,46,11763.0
1770,North,Electronics,16,2060,5,3276,51,31312.0
1771,North,Food,12,657,0,9811,50,7884.0
1772,North,Food,17,982,20,8197,58,13355.2
1773,North,Electronics,16,2294,10,8886,58,33033.6
1774,West,Furniture,12,4861,10,1162,40,52498.8
1775,South,Food,8,2767,20,9171,24,17708.8
1776,North,Furniture,3,4777,0,8544,20,14331.0
1777,North,Clothing,16,4890,5,4718,49,74328.0
1778,West,Food,13,1710,10,5560,48,20007.0
1779,West,Furniture,19,3588,5,6374,35,64763.4
1780,East,Furniture,8,2554,15,6081,60,17367.2
1781,North,Clothing,5,4594,0,2514,24,22970.0
1782,East,Furniture,8,2046,15,4289,58,13912.8
1783,West,Furniture,12,4910,15,9603,18,50082.0
1784,West,Clothing,1,4899,15,7648,31,4164.15
1785,South,Food,6,2908,0,8266,49,17448.0
1786,North,Furniture,18,3925,0,2864,23,70650.0
1787,East,Furniture,8,3636,20,4129,56,23270.4
1788,West,Furniture,7,3902,5,6419,27,25948.3
1789,West,Electronics,1,4277,5,6175,24,4063.15
1790,East,Clothing,16,4799,20,9372,43,61427.2
1791,South,Electronics,12,2070,20,7138,51,19872.0
1792,West,Clothing,6,3922,15,5151,47,20002.2
1793,North,Food,2,2919,20,1109,53,4670.4
1794,West,Food,14,1002,10,8440,38,12625.2
1795,North,Furniture,4,464,5,4366,34,1763.2
1796,East,Clothing,1,4358,20,871,50,3486.4
1797,North,Food,18,3219,10,7498,27,52147.8
1798,East,Clothing,13,2658,10,1115,64,31098.6
1799,North,Food,2,1963,10,7411,59,3533.4
1800,East,Electronics,9,215,10,6510,29,1741.5
1801,North,Food,2,2484,15,2753,33,4222.8
1802,South,Electronics,9,4035,10,5442,58,32683.5
1803,North,Food,1,2590,15,1364,49,2201.5
1804,North,Furniture,11,1042,15,1768,32,9742.7
1805,South,Electronics,3,1824,10,7954,44,4924.8
1806,West,Food,4,2434,5,9476,45,9249.2
1807,West,Furniture,18,2867,10,5071,34,46445.4
1808,North,Electronics,6,1237,10,5729,63,6679.8
1809,South,Furniture,3,2627,10,2737,19,7092.9
1810,North,Clothing,11,4217,5,4554,53,44067.65
1811,East,Clothing,15,3520,0,1435,24,52800.0
1812,East,Electronics,5,4878,0,6894,30,24390.0
1813,North,Food,10,4006,15,8391,32,34051.0
1814,West,Electronics,12,3737,15,825,42,38117.4
1815,West,Furniture,15,3053,5,8274,40,43505.25
1816,North,Food,17,2467,20,4361,39,33551.2
1817,North,Clothing,10,4321,0,2485,43,43210.0
1818,East,Food,6,376,15,5432,50,1917.6
1819,West,Clothing,18,2099,0,5103,28,37782.0
1820,North,Food,13,1327,5,3278,27,16388.45
1821,East,Food,3,3852,5,9962,42,10978.2
1822,West,Food,10,3835,20,9332,54,30680.0
1823,South,Furniture,14,795,20,8254,60,8904.0
1824,East,Furniture,6,1409,5,4578,55,8031.3
1825,West,Electronics,3,4252,15,1867,58,10842.6
1826,West,Electronics,16,3334,0,4542,62,53344.0
1827,East,Clothing,7,4214,10,3075,41,26548.2
1828,South,Furniture,14,2411,20,7254,57,27003.2
1829,East,Clothing,9,2941,10,2081,63,23822.1
1830,West,Electronics,15,4308,15,2486,50,54927.0
1831,North,Clothing,3,3659,20,2740,34,8781.6
1832,North,Electronics,2,3498,10,4466,41,6296.4
1833,East,Furniture,2,641,15,8104,54,1089.7
1834,West,Food,3,2794,0,8820,19,8382.0
1835,North,Furniture,18,4774,15,6468,49,73042.2
1836,West,Clothing,14,1188,20,9543,41,13305.6
1837,East,Clothing,18,3463,5,7993,26,59217.3
1838,North,Furniture,10,124,0,4603,21,1240.0
1839,West,Furniture,2,1672,10,2576,34,3009.6
1840,North,Electronics,1,3058,20,5731,34,2446.4
1841,East,Clothing,4,4336,5,3494,47,16476.8
1842,West,Clothing,14,1867,15,4244,57,22217.3
1843,North,Furniture,1,4843,5,6094,28,4600.85
1844,East,Food,14,2335,20,8031,38,26152.0
1845,North,Clothing,16,300,20,7871,38,3840.0
1846,North,Food,14,3298,5,2144,35,43863.4
1847,South,Furniture,3,356,15,3644,46,907.8
1848,South,Furniture,3,3847,5,742,41,10963.95
1849,East,Electronics,9,4742,20,4585,27,34142.4
1850,South,Clothing,6,2341,20,8454,62,11236.8
1851,East,Food,13,3275,10,7769,34,38317.5
1852,South,Electronics,2,3706,10,7630,35,6670.8
1853,North,Clothing,8,3436,0,7328,59,27488.0
1854,East,Electronics,2,4997,20,8862,37,7995.2
1855,East,Furniture,4,513,10,9344,54,1846.8
1856,North,Clothing,15,2114,5,6831,62,30124.5
1857,East,Electronics,4,1481,15,4012,35,5035.4
1858,East,Electronics,13,1198,5,1999,34,14795.3
1859,South,Food,12,3526,15,2658,26,35965.2
1860,East,Electronics,13,3755,10,5662,31,43933.5
1861,West,Clothing,14,1009,0,4539,46,14126.0
1862,North,Clothing,18,287,5,2535,48,4907.7
1863,South,Food,6,4144,5,8477,21,23620.8
1864,South,Clothing,11,3856,5,1357,35,40295.2
1865,West,Furniture,2,2115,15,4323,37,3595.5
1866,North,Clothing,19,2192,10,7270,64,37483.2
1867,North,Clothing,19,3744,5,9741,60,67579.2
1868,South,Electronics,5,2230,5,798,61,10592.5
1869,East,Electronics,19,457,0,7744,26,8683.0
1870,South,Clothing,2,2522,0,1423,30,5044.0
1871,North,Food,10,4357,10,4732,32,39213.0
1872,West,Electronics,2,4645,10,4806,44,8361.0
1873,South,Food,11,1597,20,3299,32,14053.6
1874,North,Clothing,18,2258,0,7078,45,40644.0
1875,South,Clothing,15,2655,20,5375,54,31860.0
1876,East,Furniture,9,2442,15,5826,36,18681.3
1877,South,Electronics,19,3051,20,7082,43,46375.2
1878,South,Clothing,9,1338,5,2302,43,11439.9
1879,North,Furniture,3,1073,20,3157,42,2575.2
1880,North,Electronics,9,4827,10,3846,43,39098.7
1881,North,Clothing,14,4065,15,3449,43,48373.5
1882,South,Clothing,19,1150,5,1441,63,20757.5
1883,East,Electronics,7,3801,20,2407,45,21285.6
1884,West,Electronics,16,2880,15,5337,35,39168.0
1885,West,Electronics,16,1688,15,8605,49,22956.8
1886,North,Clothing,1,3978,5,1743,20,3779.1
1887,North,Clothing,4,2468,20,6196,19,7897.6
1888,South,Furniture,4,536,15,1966,50,1822.4
1889,West,Food,7,2928,15,4457,59,17421.6
1890,North,Electronics,8,1656,0,2466,36,13248.0
1891,East,Clothing,17,3958,15,875,34,57193.1
1892,East,Clothing,5,1404,0,762,61,7020.0
1893,North,Electronics,7,2484,20,4862,50,13910.4
1894,North,Food,4,282,20,7002,29,902.4
1895,West,Electronics,6,1689,20,8333,20,8107.2
1896,West,Food,7,1687,10,2393,60,10628.1
1897,South,Clothing,18,759,20,8606,43,10929.6
1898,West,Food,5,259,15,2152,52,1100.75
1899,East,Furniture,3,4053,5,6040,25,11551.05
1900,East,Clothing,7,1111,0,4392,53,7777.0
1901,North,Furniture,14,152,10,1099,24,1915.2
1902,West,Electronics,7,2407,20,5315,63,13479.2
1903,South,Electronics,5,1328,20,2412,63,5312.0
1904,East,Electronics,5,1135,5,9984,53,5391.25
1905,East,Food,2,3802,5,9292,33,7223.8
1906,South,Clothing,6,4145,10,9072,41,22383.0
1907,South,Electronics,15,4549,0,4713,18,68235.0
1908,East,Electronics,10,1364,20,4137,42,10912.0
1909,East,Clothing,7,1984,10,9790,27,12499.2
1910,South,Electronics,5,1909,15,6099,33,8113.25
1911,East,Furniture,1,3267,15,6948,33,2776.95
1912,North,Clothing,13,3897,10,9057,25,45594.9
1913,North,Clothing,18,2441,20,7882,46,35150.4
1914,South,Clothing,13,3514,10,9482,56,41113.8
1915,West,Furniture,18,917,20,4069,45,13204.8
1916,South,Clothing,5,2537,5,8207,23,12050.75
1917,South,Furniture,13,988,10,1246,33,11559.6
1918,West,Clothing,4,767,20,9004,37,2454.4
1919,West,Food,17,4828,10,5133,33,73868.4
1920,West,Electronics,3,2724,10,1420,24,7354.8
1921,North,Food,17,4332,20,9769,58,58915.2
1922,East,Electronics,11,4623,20,7508,31,40682.4
1923,North,Furniture,4,918,0,2881,60,3672.0
1924,East,Food,2,2288,10,4118,43,4118.4
1925,North,Clothing,16,1206,15,9489,43,16401.6
1926,East,Electronics,18,2324,10,4943,31,37648.8
1927,North,Electronics,8,297,10,772,24,2138.4
1928,West,Food,3,2771,20,2273,50,6650.4
1929,South,Furniture,9,3592,10,3047,43,29095.2
1930,North,Food,6,2548,10,3664,62,13759.2
1931,East,Furniture,10,570,15,5280,37,4845.0
1932,West,Furniture,10,2048,20,1446,20,16384.0
1933,North,Electronics,13,3999,10,1006,21,46788.3
1934,North,Food,17,2110,5,7219,43,34076.5
1935,West,Food,9,3900,0,8935,28,35100.0
1936,North,Furniture,17,4218,15,9197,19,60950.1
1937,South,Food,9,3896,10,6860,31,31557.6
1938,North,Clothing,9,4088,5,8157,61,34952.4
1939,South,Clothing,1,334,10,4090,47,300.6
1940,South,Food,2,1028,10,1692,29,1850.4
1941,West,Food,16,3707,20,1964,43,47449.6
1942,North,Furniture,1,622,20,890,61,497.6
1943,West,Clothing,10,3623,20,6115,50,28984.0
1944,North,Clothing,18,4626,5,6606,30,79104.6
1945,North,Electronics,8,4988,10,9364,31,35913.6
1946,East,Furniture,11,1729,0,3060,41,19019.0
1947,North,Electronics,2,4728,15,6367,51,8037.6
1948,West,Clothing,8,1416,20,1711,61,9062.4
1949,South,Furniture,8,2957,20,9621,43,18924.8
1950,North,Food,17,1224,10,2039,38,18727.2
1951,East,Furniture,15,2687,10,9604,45,36274.5
1952,West,Food,17,1123,5,1143,53,18136.45
1953,North,Food,13,1478,5,9193,57,18253.3
1954,West,Furniture,19,3474,20,9421,19,52804.8
1955,East,Food,5,1619,10,1783,59,7285.5
1956,East,Electronics,12,326,0,8180,26,3912.0
1957,West,Clothing,1,991,15,7845,40,842.35
1958,North,Food,5,4172,10,4886,32,18774.0
1959,South,Electronics,8,2357,10,1419,30,16970.4
1960,East,Food,13,2888,5,2839,40,35666.8
1961,North,Clothing,8,496,15,9447,34,3372.8
1962,North,Electronics,11,2178,20,6430,19,19166.4
1963,South,Clothing,1,4844,10,5902,37,4359.6
1964,East,Clothing,13,4524,20,6163,37,47049.6
1965,East,Electronics,19,3337,10,5775,63,57062.7
1966,North,Electronics,3,3993,20,1007,20,9583.2
1967,North,Electronics,17,2105,15,1936,29,30417.25
1968,South,Furniture,5,2116,5,9250,57,10051.0
1969,South,Electronics,8,3271,15,7854,19,22242.8
1970,East,Electronics,14,2768,0,5016,53,38752.0
1971,West,Electronics,4,1978,5,4122,31,7516.4
1972,East,Electronics,11,1296,15,4899,33,12117.6
1973,North,Food,15,1872,0,5537,36,28080.0
1974,East,Furniture,19,261,10,8611,51,4463.1
1975,West,Clothing,7,4076,10,4215,61,25678.8
1976,South,Electronics,19,1851,20,8337,63,28135.2
1977,West,Food,19,875,5,1801,23,15793.75
1978,West,Food,11,1039,10,7870,30,10286.1
1979,West,Food,5,3320,5,5685,53,15770.0
1980,South,Clothing,5,639,10,2655,39,2875.5
1981,West,Electronics,8,1561,20,6911,35,9990.4
1982,West,Furniture,10,455,15,6865,29,3867.5
1983,West,Furniture,6,3704,20,1192,47,17779.2
1984,North,Food,15,3423,0,1978,57,51345.0
1985,West,Clothing,16,334,10,6896,24,4809.6
1986,South,Clothing,17,1648,0,8948,49,28016.0
1987,West,Clothing,8,2196,0,941,36,17568.0
1988,West,Furniture,8,4313,5,3146,23,32778.8
1989,South,Food,9,2201,10,5709,37,17828.1
1990,West,Electronics,2,1773,0,7033,44,3546.0
1991,South,Furniture,15,2200,15,5177,60,28050.0
1992,West,Food,18,3757,0,7711,54,67626.0
1993,South,Food,3,4753,15,3145,24,12120.15
1994,West,Electronics,17,3696,5,8710,22,59690.4
1995,West,Electronics,4,3848,0,9816,28,15392.0
1996,North,Electronics,4,3273,20,8433,32,10473.6
1997,North,Clothing,14,1915,5,5976,20,25469.5
1998,West,Electronics,9,3941,15,8428,22,30148.65
1999,West,Food,9,2105,5,2580,40,17997.75
2000,East,Electronics,18,4593,0,6589,54,82674.0
