Quantity,UnitPrice,Discount,AdvertisingSpend,CustomerAge,Sales,Region_East,Region_North,Region_South,Region_West,Product_Clothing,Product_Electronics,Product_Food,Product_Furniture
15,2296,5,9066,54,32718.0,True,False,False,False,True,False,False,False
12,3847,10,7726,29,41547.6,False,False,False,True,False,False,True,False
16,751,0,5662,47,12016.0,False,True,False,False,False,True,False,False
19,869,10,706,44,14859.9,True,False,False,False,False,True,False,False
8,2521,0,5375,56,20168.0,True,False,False,False,False,True,False,False
17,880,15,1819,26,12716.0,False,False,False,True,False,True,False,False
5,1816,15,1641,38,7718.0,False,True,False,False,False,False,False,True
16,4083,20,5127,29,52262.4,False,True,False,False,False,True,False,False
6,1411,10,7889,46,7619.4,True,False,False,False,False,False,False,True
8,3459,0,3190,50,27672.0,False,False,True,False,False,False,False,True
18,622,15,7823,60,9516.6,True,False,False,False,False,True,False,False
12,621,5,3755,32,7079.4,True,False,False,False,False,True,False,False
15,4978,15,8781,19,63469.5,True,False,False,False,True,False,False,False
9,2420,5,5713,56,20691.0,True,False,False,False,False,False,True,False
13,1035,0,4608,61,13455.0,False,False,False,True,False,True,False,False
15,2330,15,3520,35,29707.5,False,True,False,False,True,False,False,False
10,4140,15,2357,20,35190.0,False,False,False,True,True,False,False,False
16,4683,0,9496,24,74928.0,False,False,False,True,False,False,True,False
7,3797,15,9636,60,22592.15,False,False,False,True,False,False,False,True
17,2937,5,3289,35,47432.55,True,False,False,False,False,True,False,False
7,4183,15,4375,61,24888.85,False,False,True,False,False,False,True,False
14,2561,10,8105,55,32268.6,False,True,False,False,False,True,False,False
15,3343,20,8635,54,40116.0,False,False,True,False,True,False,False,False
7,3459,5,6555,50,23002.35,False,False,False,True,True,False,False,False
9,785,10,4382,61,6358.5,False,False,False,True,False,False,False,True
19,2260,0,7675,48,42940.0,False,False,True,False,True,False,False,False
16,4088,5,7629,28,62137.6,False,False,True,False,True,False,False,False
8,4166,20,5521,21,26662.4,False,False,True,False,False,False,True,False
18,1667,20,5235,35,24004.8,False,False,False,True,False,True,False,False
18,138,0,2887,21,2484.0,False,False,False,True,False,True,False,False
7,2644,0,7082,51,18508.0,False,True,False,False,False,False,True,False
3,4975,5,9633,46,14178.75,False,True,False,False,False,False,False,True
18,1356,15,6366,41,20746.8,False,False,False,True,False,True,False,False
10,3090,0,3066,39,30900.0,False,False,True,False,True,False,False,False
7,2296,15,1475,19,13661.2,False,False,True,False,False,True,False,False
17,3568,10,7712,61,54590.4,False,True,False,False,True,False,False,False
14,2808,20,9646,23,31449.6,False,False,False,True,False,False,False,True
3,401,15,1762,59,1022.55,False,True,False,False,False,False,True,False
12,746,20,5547,42,7161.6,False,True,False,False,False,True,False,False
13,4858,15,9635,38,53680.9,True,False,False,False,False,False,True,False
2,1859,10,7882,33,3346.2,True,False,False,False,False,True,False,False
3,4451,0,6731,48,13353.0,True,False,False,False,True,False,False,False
5,697,10,3827,31,3136.5,False,False,True,False,False,False,True,False
11,761,0,6130,56,8371.0,False,False,False,True,False,True,False,False
8,4430,0,2759,45,35440.0,False,False,False,True,True,False,False,False
12,1468,20,1757,49,14092.8,False,False,False,True,False,False,True,False
7,2681,10,964,45,16890.3,False,False,False,True,False,False,True,False
15,3968,15,3794,26,50592.0,True,False,False,False,False,True,False,False
17,3637,10,7274,62,55646.1,False,False,True,False,False,True,False,False
4,4965,20,7931,39,15888.0,False,False,True,False,False,True,False,False
13,4408,0,1730,49,57304.0,True,False,False,False,True,False,False,False
18,4658,20,9576,22,67075.2,False,False,True,False,False,True,False,False
1,382,5,4305,40,362.9,True,False,False,False,False,False,True,False
16,3778,5,6919,22,57425.6,False,False,False,True,False,False,True,False
13,1586,15,6250,59,17525.3,True,False,False,False,False,True,False,False
10,4182,20,4356,49,33456.0,False,False,False,True,False,True,False,False
12,4283,15,3635,27,43686.6,False,False,False,True,False,False,False,True
2,560,15,7453,56,952.0,False,True,False,False,False,False,True,False
3,2425,5,9616,32,6911.25,True,False,False,False,True,False,False,False
10,3854,15,6534,24,32759.0,False,True,False,False,False,False,False,True
2,2568,5,5089,46,4879.2,True,False,False,False,False,True,False,False
13,1824,0,2046,64,23712.0,True,False,False,False,False,True,False,False
13,1476,20,6565,20,15350.4,False,True,False,False,False,False,True,False
18,2843,15,1594,36,43497.9,False,True,False,False,False,True,False,False
3,614,5,2911,27,1749.9,True,False,False,False,True,False,False,False
7,802,10,3117,45,5052.6,False,False,True,False,False,False,True,False
14,1753,15,9454,46,20860.7,False,False,False,True,False,True,False,False
17,2166,0,4645,32,36822.0,False,True,False,False,False,False,True,False
12,122,0,3275,52,1464.0,False,False,False,True,False,True,False,False
16,2560,10,7128,23,36864.0,False,False,True,False,False,True,False,False
12,1404,5,3655,29,16005.6,False,False,True,False,False,True,False,False
15,3400,15,4470,64,43350.0,False,False,True,False,True,False,False,False
10,461,5,8472,55,4379.5,False,True,False,False,True,False,False,False
7,3827,0,9275,30,26789.0,False,False,True,False,False,False,True,False
5,1384,5,5915,46,6574.0,False,True,False,False,False,True,False,False
1,614,0,4831,36,614.0,False,False,True,False,False,True,False,False
17,548,5,2442,20,8850.2,False,False,False,True,True,False,False,False
3,1955,10,6526,25,5278.5,False,False,False,True,False,True,False,False
13,3662,20,8801,25,38084.8,True,False,False,False,True,False,False,False
14,2620,10,691,37,33012.0,False,False,False,True,False,True,False,False
18,3181,10,9595,64,51532.2,True,False,False,False,False,False,True,False
4,1528,20,1361,21,4889.6,False,False,False,True,False,True,False,False
18,4067,20,7211,38,58564.8,False,True,False,False,False,True,False,False
5,1022,15,9775,20,4343.5,False,False,False,True,False,False,False,True
16,3237,15,1149,62,44023.2,True,False,False,False,True,False,False,False
1,2259,10,4634,25,2033.1,True,False,False,False,False,True,False,False
14,2647,10,8087,40,33352.2,False,False,True,False,False,True,False,False
15,3079,0,9328,33,46185.0,False,True,False,False,False,False,False,True
9,2381,0,1536,30,21429.0,False,False,False,True,False,False,False,True
15,2749,15,4631,20,35049.75,False,False,True,False,True,False,False,False
17,413,15,2648,26,5967.85,False,False,False,True,False,False,False,True
4,2713,0,5957,31,10852.0,False,False,False,True,False,False,True,False
12,3183,0,6579,30,38196.0,False,False,True,False,False,False,False,True
5,2356,5,2930,24,11191.0,False,False,True,False,False,False,True,False
5,1137,5,2379,32,5400.75,False,False,True,False,True,False,False,False
11,3589,0,8042,24,39479.0,False,False,True,False,True,False,False,False
6,2734,5,2511,55,15583.8,False,False,True,False,True,False,False,False
7,4083,20,3873,51,22864.8,False,False,False,True,True,False,False,False
14,1878,15,7857,58,22348.2,False,False,True,False,True,False,False,False
11,3995,15,1789,39,37353.25,False,True,False,False,False,False,True,False
13,1224,0,1947,41,15912.0,True,False,False,False,False,False,True,False
2,797,10,3699,54,1434.6,False,False,True,False,True,False,False,False
7,2279,0,6881,61,15953.0,False,False,True,False,False,False,False,True
4,1504,5,8022,18,5715.2,False,False,False,True,False,True,False,False
8,1143,10,6559,27,8229.6,False,False,True,False,True,False,False,False
19,2029,5,3683,60,36623.45,False,False,True,False,False,False,False,True
13,1113,20,5962,33,11575.2,False,False,True,False,False,True,False,False
14,326,5,3716,63,4335.8,False,False,False,True,True,False,False,False
10,1928,20,3636,25,15424.0,False,False,True,False,True,False,False,False
11,2123,20,3818,42,18682.4,True,False,False,False,False,False,True,False
2,2552,5,3282,29,4848.8,False,False,False,True,False,True,False,False
9,2185,5,9682,42,18681.75,True,False,False,False,False,True,False,False
17,4383,20,8157,34,59608.8,False,False,False,True,False,False,False,True
3,1180,10,5420,43,3186.0,False,False,True,False,False,False,True,False
6,2420,20,6824,63,11616.0,True,False,False,False,False,False,True,False
5,3290,15,6827,31,13982.5,False,False,False,True,False,False,True,False
5,2730,20,8917,58,10920.0,False,True,False,False,False,False,True,False
15,2663,10,1276,53,35950.5,False,False,True,False,False,True,False,False
17,3392,15,5708,40,49014.4,False,False,False,True,False,True,False,False
9,4721,0,1187,60,42489.0,False,True,False,False,True,False,False,False
3,3686,0,1029,23,11058.0,False,False,False,True,True,False,False,False
17,4531,10,5567,64,69324.3,False,True,False,False,False,False,True,False
10,3047,20,8580,22,24376.0,False,False,True,False,False,False,True,False
3,4059,5,6018,60,11568.15,True,False,False,False,False,False,True,False
18,2913,10,2653,42,47190.6,False,True,False,False,True,False,False,False
18,2683,15,9986,35,41049.9,False,False,False,True,False,False,False,True
17,261,15,6594,30,3771.45,False,False,True,False,False,False,False,True
3,693,0,7474,60,2079.0,False,True,False,False,True,False,False,False
3,3359,15,5274,31,8565.45,False,False,False,True,True,False,False,False
6,4255,10,8192,45,22977.0,False,False,False,True,True,False,False,False
13,3062,15,3603,35,33835.1,False,False,False,True,True,False,False,False
15,3988,10,2940,45,53838.0,False,True,False,False,True,False,False,False
9,3490,5,4635,44,29839.5,False,True,False,False,True,False,False,False
4,4601,0,7624,49,18404.0,False,True,False,False,False,False,True,False
14,763,15,5701,64,9079.7,True,False,False,False,False,False,True,False
5,1232,10,1344,26,5544.0,False,True,False,False,False,False,True,False
2,641,20,946,57,1025.6,False,True,False,False,False,False,True,False
11,3074,0,4415,49,33814.0,False,True,False,False,True,False,False,False
9,967,5,3609,37,8267.85,True,False,False,False,False,False,False,True
3,2166,10,1734,45,5848.2,False,True,False,False,False,True,False,False
9,531,5,7087,50,4540.05,False,False,False,True,True,False,False,False
3,4935,5,726,21,14064.75,False,True,False,False,False,True,False,False
2,4378,15,4643,63,7442.6,False,False,False,True,False,False,False,True
12,1306,15,7685,51,13321.2,False,False,False,True,False,False,True,False
10,2628,10,6058,20,23652.0,False,False,False,True,False,False,False,True
9,1269,20,686,43,9136.8,True,False,False,False,True,False,False,False
15,930,10,3035,25,12555.0,True,False,False,False,False,False,True,False
8,1751,20,2432,23,11206.4,True,False,False,False,True,False,False,False
5,1236,5,9540,33,5871.0,False,True,False,False,False,False,True,False
11,2910,0,2532,41,32010.0,False,False,False,True,False,True,False,False
2,575,10,1752,56,1035.0,True,False,False,False,False,True,False,False
15,2910,10,6009,47,39285.0,True,False,False,False,False,True,False,False
6,1426,20,5574,62,6844.8,False,True,False,False,False,False,False,True
8,1119,5,2381,30,8504.4,True,False,False,False,True,False,False,False
5,1936,5,769,22,9196.0,False,True,False,False,False,False,False,True
16,4356,20,2130,42,55756.8,False,False,True,False,False,True,False,False
18,2548,5,4905,37,43570.8,True,False,False,False,True,False,False,False
6,4393,15,6639,35,22404.3,False,False,True,False,False,True,False,False
5,1383,0,2074,64,6915.0,False,True,False,False,False,False,False,True
16,759,10,2195,35,10929.6,False,False,False,True,False,False,False,True
13,2110,0,3758,19,27430.0,True,False,False,False,False,False,False,True
5,498,10,3762,27,2241.0,False,True,False,False,False,True,False,False
13,1833,15,1945,62,20254.65,False,False,False,True,True,False,False,False
17,2225,5,6763,64,35933.75,False,False,False,True,True,False,False,False
18,2271,20,8911,29,32702.4,False,False,True,False,False,True,False,False
8,174,15,552,64,1183.2,False,True,False,False,True,False,False,False
13,4797,0,6070,30,62361.0,False,False,False,True,False,True,False,False
19,3571,20,8079,64,54279.2,True,False,False,False,True,False,False,False
3,936,5,2166,28,2667.6,True,False,False,False,False,False,True,False
8,599,15,7401,36,4073.2,False,False,True,False,False,False,True,False
2,237,20,3285,52,379.2,False,False,False,True,False,False,False,True
8,2197,15,1219,56,14939.6,False,True,False,False,False,False,True,False
13,3796,15,9097,43,41945.8,True,False,False,False,False,False,True,False
13,1985,5,7355,63,24514.75,False,False,False,True,False,False,True,False
1,2857,10,2794,31,2571.3,False,False,False,True,False,True,False,False
6,4020,20,8763,62,19296.0,False,False,True,False,False,False,True,False
19,2000,5,9921,61,36100.0,True,False,False,False,False,False,True,False
16,2710,15,4982,41,36856.0,True,False,False,False,False,False,False,True
8,4086,5,1198,58,31053.6,False,True,False,False,False,False,True,False
1,1549,10,7743,18,1394.1,True,False,False,False,False,False,True,False
16,646,20,9518,60,8268.8,False,True,False,False,True,False,False,False
9,4776,10,6418,39,38685.6,True,False,False,False,False,False,False,True
13,2103,0,848,40,27339.0,False,False,True,False,False,False,False,True
11,2196,20,5874,36,19324.8,True,False,False,False,False,False,False,True
13,803,10,8369,35,9395.1,False,True,False,False,False,False,False,True
10,2503,15,807,29,21275.5,False,True,False,False,False,False,False,True
4,1725,20,3916,45,5520.0,False,False,True,False,False,False,False,True
6,3431,20,5320,45,16468.8,True,False,False,False,False,True,False,False
7,4833,5,4058,50,32139.45,True,False,False,False,False,False,True,False
5,3078,15,4978,36,13081.5,False,False,True,False,False,False,False,True
11,4836,0,7031,45,53196.0,True,False,False,False,False,False,True,False
13,2939,10,5120,54,34386.3,True,False,False,False,False,False,True,False
19,3484,5,3485,43,62886.2,False,True,False,False,False,True,False,False
10,2759,10,8612,52,24831.0,True,False,False,False,False,False,False,True
10,1961,0,8967,51,19610.0,True,False,False,False,True,False,False,False
11,2956,0,3047,52,32516.0,False,False,True,False,False,True,False,False
7,785,20,836,57,4396.0,False,False,True,False,True,False,False,False
18,4383,0,3479,33,78894.0,False,False,False,True,False,False,True,False
4,1719,10,4468,55,6188.4,False,True,False,False,False,False,True,False
2,4743,15,1410,30,8063.1,True,False,False,False,False,True,False,False
14,1531,15,2496,40,18218.9,True,False,False,False,False,True,False,False
13,975,20,3629,39,10140.0,False,False,False,True,True,False,False,False
12,4813,10,5947,33,51980.4,True,False,False,False,False,False,False,True
7,2561,10,6629,45,16134.3,False,True,False,False,True,False,False,False
2,1465,0,6350,52,2930.0,False,False,False,True,False,True,False,False
13,1343,10,4704,62,15713.1,False,True,False,False,True,False,False,False
14,262,5,7946,63,3484.6,False,False,False,True,False,True,False,False
17,2074,0,9019,25,35258.0,False,False,False,True,True,False,False,False
9,3391,5,814,61,28993.05,False,False,True,False,False,True,False,False
17,369,20,1634,39,5018.4,False,True,False,False,False,True,False,False
8,731,15,5376,38,4970.8,True,False,False,False,False,True,False,False
2,1005,20,8602,43,1608.0,True,False,False,False,False,False,False,True
13,3571,15,8847,57,39459.55,False,True,False,False,True,False,False,False
3,3353,20,6092,38,8047.2,True,False,False,False,True,False,False,False
16,2114,10,2224,42,30441.6,True,False,False,False,True,False,False,False
6,1741,5,3843,58,9923.7,False,True,False,False,False,True,False,False
19,304,15,1386,18,4909.6,False,False,False,True,True,False,False,False
7,681,0,1221,23,4767.0,False,True,False,False,True,False,False,False
10,940,5,8178,40,8930.0,False,False,False,True,False,True,False,False
9,1819,0,9604,40,16371.0,True,False,False,False,False,False,True,False
2,2743,5,3857,60,5211.7,True,False,False,False,False,True,False,False
15,2397,5,1370,60,34157.25,True,False,False,False,True,False,False,False
5,974,20,7251,40,3896.0,False,False,True,False,False,True,False,False
4,789,15,997,49,2682.6,False,False,False,True,False,False,True,False
4,4100,15,2256,47,13940.0,False,False,True,False,False,True,False,False
18,3241,5,1617,30,55421.1,False,False,True,False,True,False,False,False
4,1522,10,3328,60,5479.2,False,True,False,False,False,False,True,False
17,771,10,2147,35,11796.3,False,False,True,False,False,False,False,True
12,1271,0,7492,40,15252.0,False,True,False,False,True,False,False,False
17,3826,0,7271,32,65042.0,False,True,False,False,False,False,True,False
10,1043,20,642,50,8344.0,False,False,True,False,False,False,True,False
1,1549,5,3261,38,1471.55,False,False,False,True,False,False,False,True
18,3837,0,3935,56,69066.0,False,False,False,True,False,True,False,False
18,2639,0,7122,40,47502.0,False,False,False,True,False,True,False,False
14,4059,5,7569,44,53984.7,False,False,False,True,True,False,False,False
15,4360,20,5012,62,52320.0,False,False,False,True,False,False,False,True
12,2461,0,2348,61,29532.0,False,False,True,False,False,True,False,False
4,3752,20,3196,35,12006.4,False,False,True,False,False,False,False,True
3,3770,15,2217,41,9613.5,True,False,False,False,False,True,False,False
12,1853,20,3572,64,17788.8,False,False,False,True,False,False,True,False
7,2452,10,9759,57,15447.6,False,False,True,False,False,True,False,False
11,2038,10,3286,59,20176.2,True,False,False,False,False,False,False,True
1,470,20,4291,24,376.0,False,False,False,True,False,False,True,False
6,4579,10,9980,37,24726.6,False,True,False,False,False,False,True,False
15,2031,15,4371,44,25895.25,True,False,False,False,False,False,True,False
15,524,5,2306,23,7467.0,False,False,True,False,False,False,False,True
19,4824,10,2004,44,82490.4,False,True,False,False,True,False,False,False
11,994,10,3808,26,9840.6,False,True,False,False,True,False,False,False
2,697,20,7617,62,1115.2,False,True,False,False,True,False,False,False
14,3162,15,5548,48,37627.8,True,False,False,False,False,False,False,True
2,2436,5,8763,38,4628.4,False,False,True,False,False,False,True,False
4,4788,20,2190,43,15321.6,False,True,False,False,True,False,False,False
17,1787,20,3803,57,24303.2,False,False,False,True,False,False,False,True
3,672,15,3613,62,1713.6,False,True,False,False,True,False,False,False
13,2190,5,9574,30,27046.5,False,True,False,False,False,True,False,False
9,3769,15,8350,40,28832.85,True,False,False,False,True,False,False,False
7,4372,5,6916,37,29073.8,True,False,False,False,True,False,False,False
15,4724,15,2004,54,60231.0,False,False,True,False,False,False,True,False
11,1733,20,9424,45,15250.4,False,False,False,True,False,False,False,True
2,1617,20,4424,34,2587.2,True,False,False,False,False,False,True,False
15,4393,0,9115,45,65895.0,False,True,False,False,False,False,True,False
14,2757,10,4985,58,34738.2,False,False,True,False,False,False,True,False
11,3748,15,8600,19,35043.8,False,True,False,False,False,False,True,False
3,3688,0,9184,42,11064.0,False,True,False,False,False,False,True,False
17,1637,10,691,58,25046.1,True,False,False,False,True,False,False,False
12,3237,15,9190,23,33017.4,False,False,True,False,False,False,True,False
15,197,5,5417,28,2807.25,False,False,False,True,False,False,True,False
16,3315,10,6331,55,47736.0,False,False,False,True,False,False,False,True
5,4630,20,9948,23,18520.0,True,False,False,False,False,True,False,False
6,4832,0,4822,62,28992.0,True,False,False,False,True,False,False,False
19,3850,10,7499,28,65835.0,False,False,True,False,True,False,False,False
5,3257,10,9508,31,14656.5,False,False,False,True,True,False,False,False
3,4783,20,7782,19,11479.2,False,False,False,True,False,False,True,False
1,443,15,9778,57,376.55,False,False,False,True,False,False,True,False
6,4766,5,2374,20,27166.2,False,True,False,False,False,False,True,False
15,710,20,9562,52,8520.0,False,False,False,True,False,False,False,True
2,1827,5,5263,50,3471.3,False,True,False,False,False,True,False,False
3,2390,15,8964,41,6094.5,False,False,True,False,False,False,True,False
17,1954,10,9721,36,29896.2,False,True,False,False,False,True,False,False
12,2708,5,1551,35,30871.2,False,False,True,False,False,False,False,True
18,2179,0,8038,41,39222.0,False,False,False,True,True,False,False,False
15,2424,0,7911,62,36360.0,False,False,False,True,False,False,True,False
12,4727,20,6820,52,45379.2,False,False,True,False,False,True,False,False
16,1277,15,2605,18,17367.2,True,False,False,False,False,True,False,False
8,1191,20,807,53,7622.4,False,False,True,False,False,False,True,False
14,2891,20,8237,42,32379.2,True,False,False,False,True,False,False,False
17,1849,20,3859,62,25146.4,False,True,False,False,True,False,False,False
8,2775,0,3676,60,22200.0,False,True,False,False,True,False,False,False
15,881,0,1751,51,13215.0,False,True,False,False,False,False,False,True
14,3148,20,5866,42,35257.6,False,False,False,True,False,True,False,False
18,2205,0,2017,33,39690.0,False,True,False,False,False,True,False,False
7,3967,15,6726,51,23603.65,True,False,False,False,False,True,False,False
3,4642,20,5805,46,11140.8,False,True,False,False,False,False,False,True
12,2213,0,6369,36,26556.0,False,False,True,False,False,True,False,False
3,4070,5,8539,40,11599.5,False,False,True,False,False,False,False,True
14,2091,20,5391,36,23419.2,False,False,False,True,True,False,False,False
15,1167,20,5492,42,14004.0,False,False,True,False,False,False,True,False
14,1677,15,2461,33,19956.3,True,False,False,False,False,True,False,False
7,1111,10,3363,26,6999.3,False,True,False,False,False,True,False,False
17,2374,10,7103,18,36322.2,False,False,False,True,True,False,False,False
12,4969,15,5067,59,50683.8,False,True,False,False,False,False,True,False
4,1914,15,7013,36,6507.6,False,True,False,False,False,False,False,True
9,2526,15,4505,50,19323.9,True,False,False,False,False,False,True,False
6,4502,10,9614,51,24310.8,False,False,True,False,True,False,False,False
16,4974,15,683,33,67646.4,False,False,True,False,True,False,False,False
2,2651,0,8255,61,5302.0,False,True,False,False,False,False,True,False
8,3757,20,3858,57,24044.8,False,False,False,True,False,False,False,True
11,107,20,7115,35,941.6,False,False,True,False,False,False,False,True
13,2655,5,7297,51,32789.25,False,False,False,True,False,True,False,False
17,575,5,9228,42,9286.25,False,False,True,False,False,False,False,True
8,2311,20,8178,62,14790.4,False,False,False,True,False,False,True,False
18,584,0,6198,23,10512.0,True,False,False,False,True,False,False,False
18,4754,10,1773,38,77014.8,False,False,False,True,False,True,False,False
14,2385,10,7153,23,30051.0,True,False,False,False,False,True,False,False
15,4663,0,1596,49,69945.0,True,False,False,False,True,False,False,False
6,3625,10,9997,58,19575.0,False,False,False,True,False,False,False,True
11,3439,15,9607,60,32154.65,True,False,False,False,True,False,False,False
13,2922,20,8502,56,30388.8,False,True,False,False,False,False,False,True
1,3024,20,4747,48,2419.2,True,False,False,False,True,False,False,False
6,358,0,9720,59,2148.0,False,False,True,False,False,False,True,False
9,382,10,5814,27,3094.2,False,False,False,True,False,False,False,True
8,1998,5,3854,47,15184.8,False,True,False,False,False,False,True,False
11,4235,5,770,35,44255.75,False,False,False,True,False,True,False,False
19,3076,10,1686,41,52599.6,False,False,True,False,True,False,False,False
9,2367,5,6805,26,20237.85,False,False,True,False,False,True,False,False
17,3300,0,2898,48,56100.0,False,False,True,False,False,True,False,False
12,712,0,7495,32,8544.0,True,False,False,False,False,True,False,False
14,787,10,7799,21,9916.2,True,False,False,False,False,True,False,False
15,3790,5,4682,57,54007.5,False,False,False,True,True,False,False,False
16,712,0,2730,26,11392.0,False,False,False,True,False,True,False,False
1,2407,0,7011,62,2407.0,False,True,False,False,True,False,False,False
10,3113,15,628,26,26460.5,False,True,False,False,True,False,False,False
8,1881,15,9961,43,12790.8,False,False,False,True,False,False,True,False
18,2691,0,4172,21,48438.0,True,False,False,False,False,False,False,True
1,2796,10,5265,34,2516.4,False,False,True,False,False,False,False,True
2,4058,20,4470,33,6492.8,False,False,False,True,True,False,False,False
1,674,20,8045,32,539.2,False,True,False,False,False,False,True,False
1,2010,0,6052,52,2010.0,True,False,False,False,True,False,False,False
9,3704,0,1127,22,33336.0,False,False,False,True,True,False,False,False
13,769,0,7089,22,9997.0,False,False,False,True,True,False,False,False
1,4464,10,2544,37,4017.6,True,False,False,False,False,False,True,False
13,1383,15,2841,32,15282.15,False,False,False,True,False,False,False,True
7,1023,0,6384,35,7161.0,True,False,False,False,False,False,True,False
2,1225,0,8685,64,2450.0,False,False,True,False,False,True,False,False
6,1629,5,749,19,9285.3,True,False,False,False,False,False,True,False
7,1694,10,3425,46,10672.2,True,False,False,False,False,False,True,False
14,346,0,5543,30,4844.0,True,False,False,False,False,False,True,False
18,3811,5,1474,21,65168.1,False,False,False,True,False,False,True,False
15,1660,20,7692,59,19920.0,False,False,False,True,False,False,False,True
2,2500,0,9675,62,5000.0,True,False,False,False,False,True,False,False
10,2343,0,9580,27,23430.0,False,False,False,True,False,False,False,True
12,3964,5,3172,48,45189.6,False,True,False,False,False,False,False,True
17,2039,10,7779,58,31196.7,False,True,False,False,False,False,True,False
8,3169,0,8031,25,25352.0,False,False,False,True,True,False,False,False
11,326,20,9162,20,2868.8,False,False,False,True,True,False,False,False
3,3647,0,2487,63,10941.0,True,False,False,False,False,False,False,True
6,364,20,590,26,1747.2,False,False,True,False,False,False,False,True
9,1495,15,9221,47,11436.75,False,False,False,True,False,False,True,False
6,3657,15,4559,28,18650.7,False,True,False,False,False,False,False,True
9,745,20,3273,52,5364.0,True,False,False,False,False,False,True,False
7,3090,10,8883,54,19467.0,False,False,False,True,True,False,False,False
9,1999,0,7909,59,17991.0,False,True,False,False,True,False,False,False
18,2604,0,4940,30,46872.0,False,True,False,False,False,True,False,False
12,2872,15,7847,53,29294.4,False,False,True,False,True,False,False,False
8,1254,20,1508,30,8025.6,True,False,False,False,False,False,False,True
8,687,0,4283,29,5496.0,True,False,False,False,True,False,False,False
18,4671,0,7146,54,84078.0,False,False,True,False,False,False,True,False
15,1921,10,4798,27,25933.5,False,False,True,False,True,False,False,False
7,1085,5,5168,26,7215.25,True,False,False,False,False,True,False,False
11,4179,15,4787,24,39073.65,True,False,False,False,True,False,False,False
16,3448,15,2552,19,46892.8,False,False,False,True,False,False,True,False
4,3931,5,6509,40,14937.8,False,False,False,True,False,False,True,False
6,1341,0,2216,56,8046.0,False,False,True,False,False,False,False,True
3,289,10,810,57,780.3,False,False,False,True,True,False,False,False
9,1080,10,5038,56,8748.0,False,True,False,False,False,False,True,False
10,1798,15,1760,38,15283.0,False,False,False,True,False,True,False,False
14,1815,10,4432,40,22869.0,False,False,False,True,False,False,False,True
11,2693,5,1084,46,28141.85,False,True,False,False,False,True,False,False
18,4236,0,8116,31,76248.0,False,False,True,False,True,False,False,False
12,4533,5,9051,43,51676.2,False,True,False,False,True,False,False,False
12,1198,20,3366,22,11500.8,False,False,False,True,True,False,False,False
13,2426,15,6398,48,26807.3,False,False,True,False,False,False,False,True
13,3347,10,2511,42,39159.9,False,False,False,True,False,False,True,False
19,995,20,6751,48,15124.0,False,True,False,False,False,False,False,True
19,1774,10,5439,37,30335.4,False,True,False,False,False,True,False,False
14,3009,0,4506,61,42126.0,False,False,False,True,False,False,False,True
4,1030,0,2125,34,4120.0,True,False,False,False,False,True,False,False
13,4484,0,1390,62,58292.0,True,False,False,False,False,False,False,True
8,823,10,6578,19,5925.6,False,True,False,False,False,False,True,False
19,3040,20,7536,42,46208.0,False,True,False,False,False,True,False,False
12,1189,0,9423,30,14268.0,True,False,False,False,True,False,False,False
18,4678,20,4461,56,67363.2,True,False,False,False,True,False,False,False
6,1035,10,3004,45,5589.0,False,False,False,True,False,False,False,True
18,2395,20,9306,59,34488.0,False,False,False,True,True,False,False,False
19,255,10,4306,23,4360.5,True,False,False,False,False,True,False,False
5,1170,10,6600,20,5265.0,False,False,False,True,True,False,False,False
9,2058,15,2219,52,15743.7,False,False,False,True,False,False,True,False
3,2601,10,7186,35,7022.7,False,False,True,False,False,False,True,False
10,4319,10,2087,28,38871.0,False,False,False,True,False,False,False,True
19,3930,5,7500,37,70936.5,False,True,False,False,False,True,False,False
3,954,0,1396,22,2862.0,False,False,False,True,False,False,True,False
15,739,15,6058,36,9422.25,False,False,False,True,False,False,True,False
1,2338,15,8969,39,1987.3,True,False,False,False,False,True,False,False
7,1702,15,5147,36,10126.9,False,True,False,False,True,False,False,False
12,541,5,2932,64,6167.4,False,False,False,True,True,False,False,False
17,4728,10,4404,33,72338.4,False,False,False,True,False,False,False,True
5,1436,0,7337,41,7180.0,False,False,True,False,True,False,False,False
4,3800,20,1949,58,12160.0,False,False,False,True,False,True,False,False
12,1048,10,5000,21,11318.4,False,False,False,True,False,False,True,False
18,3473,5,5954,32,59388.3,False,False,True,False,True,False,False,False
17,559,10,9924,42,8552.7,True,False,False,False,False,False,False,True
19,4746,10,4617,61,81156.6,False,False,False,True,True,False,False,False
9,492,5,9369,52,4206.6,False,False,True,False,False,True,False,False
4,4038,15,2528,31,13729.2,False,True,False,False,False,False,False,True
2,1887,15,7345,36,3207.9,True,False,False,False,True,False,False,False
4,2357,0,4258,55,9428.0,False,True,False,False,False,False,False,True
2,1238,0,6404,53,2476.0,False,True,False,False,False,True,False,False
15,3908,15,5124,24,49827.0,False,False,True,False,False,False,True,False
2,4841,20,9348,47,7745.6,False,False,False,True,False,True,False,False
4,2554,10,665,36,9194.4,False,False,True,False,False,True,False,False
6,1566,20,5091,42,7516.8,False,False,True,False,False,True,False,False
7,3774,10,1089,33,23776.2,False,False,True,False,False,True,False,False
10,1477,15,5024,64,12554.5,False,False,True,False,False,False,True,False
19,2697,0,3321,57,51243.0,True,False,False,False,False,False,True,False
19,241,0,7009,25,4579.0,False,False,False,True,False,False,False,True
12,2759,20,8193,35,26486.4,False,True,False,False,True,False,False,False
3,4696,0,9954,45,14088.0,False,True,False,False,False,False,True,False
13,939,15,571,33,10375.95,False,False,False,True,False,False,True,False
18,3718,20,4080,36,53539.2,False,True,False,False,True,False,False,False
8,4017,10,8462,59,28922.4,False,False,False,True,False,False,True,False
15,695,0,768,34,10425.0,False,True,False,False,False,True,False,False
1,2004,5,2962,62,1903.8,False,False,True,False,False,True,False,False
3,380,0,9960,30,1140.0,False,True,False,False,True,False,False,False
8,523,10,1515,24,3765.6,False,False,False,True,False,False,False,True
4,4465,20,9775,44,14288.0,False,False,False,True,False,False,False,True
16,4349,10,8484,27,62625.6,False,False,False,True,True,False,False,False
10,1850,5,906,51,17575.0,False,False,False,True,True,False,False,False
12,4857,15,7884,53,49541.4,False,False,False,True,False,True,False,False
14,2067,0,6549,42,28938.0,True,False,False,False,False,False,False,True
14,4188,20,6669,23,46905.6,True,False,False,False,False,False,True,False
2,4278,15,8482,41,7272.6,False,True,False,False,False,True,False,False
5,3046,10,1485,35,13707.0,False,False,False,True,True,False,False,False
5,1549,20,4985,40,6196.0,False,True,False,False,False,False,False,True
6,2431,15,9401,23,12398.1,False,False,False,True,False,False,True,False
13,2320,20,3118,46,24128.0,False,False,False,True,False,False,True,False
9,3889,5,6789,42,33250.95,True,False,False,False,False,True,False,False
15,2910,5,7428,34,41467.5,True,False,False,False,False,False,False,True
14,4828,0,5868,63,67592.0,False,False,True,False,False,False,False,True
7,1631,0,5121,41,11417.0,True,False,False,False,True,False,False,False
2,4982,5,8066,28,9465.8,False,False,True,False,False,False,False,True
7,3090,20,5170,43,17304.0,False,False,True,False,False,False,False,True
6,4593,5,8158,51,26180.1,False,False,True,False,False,True,False,False
17,1243,0,1503,45,21131.0,False,False,True,False,False,False,False,True
2,1033,5,8004,20,1962.7,False,False,True,False,False,False,True,False
3,1560,5,2966,28,4446.0,False,True,False,False,False,True,False,False
5,2823,20,2439,55,11292.0,True,False,False,False,False,True,False,False
5,2612,15,2135,31,11101.0,False,False,True,False,True,False,False,False
1,385,0,8595,43,385.0,False,False,False,True,False,False,False,True
8,364,20,6765,38,2329.6,True,False,False,False,True,False,False,False
12,2467,5,2395,56,28123.8,True,False,False,False,False,False,True,False
4,3547,5,7024,47,13478.6,False,False,True,False,False,True,False,False
13,1862,15,1573,25,20575.1,False,True,False,False,False,True,False,False
15,3148,0,5684,37,47220.0,False,False,True,False,False,True,False,False
11,2481,0,2902,49,27291.0,False,True,False,False,False,False,True,False
10,2369,10,5395,39,21321.0,False,False,False,True,False,False,True,False
3,140,0,7831,24,420.0,True,False,False,False,True,False,False,False
14,167,15,9843,26,1987.3,False,False,False,True,True,False,False,False
16,1087,10,2456,62,15652.8,False,True,False,False,True,False,False,False
10,4108,10,7523,18,36972.0,False,True,False,False,False,False,False,True
10,3298,5,4407,46,31331.0,False,False,False,True,False,True,False,False
12,4890,5,1307,25,55746.0,False,True,False,False,False,True,False,False
9,2624,0,8878,21,23616.0,False,False,False,True,True,False,False,False
1,1185,10,5327,52,1066.5,True,False,False,False,False,True,False,False
5,2579,5,5024,20,12250.25,False,False,False,True,True,False,False,False
8,1793,15,9999,62,12192.4,True,False,False,False,False,False,False,True
11,2415,5,2784,57,25236.75,False,False,False,True,False,False,False,True
12,878,5,5813,24,10009.2,False,True,False,False,False,False,True,False
1,4689,10,1257,44,4220.1,False,False,False,True,False,False,False,True
11,1685,10,5387,18,16681.5,False,True,False,False,True,False,False,False
5,1592,20,4354,44,6368.0,False,False,False,True,False,False,False,True
15,760,15,4058,33,9690.0,False,False,False,True,False,False,True,False
5,1448,10,1461,55,6516.0,False,False,True,False,False,True,False,False
12,1399,0,4347,24,16788.0,False,True,False,False,True,False,False,False
5,4040,15,7226,61,17170.0,False,False,True,False,False,True,False,False
17,2086,15,4075,40,30142.7,False,True,False,False,False,False,True,False
17,2144,10,9567,58,32803.2,False,False,True,False,False,False,True,False
12,3616,15,2918,28,36883.2,True,False,False,False,False,False,True,False
15,1158,10,4698,59,15633.0,False,False,False,True,False,True,False,False
15,1076,5,1501,50,15333.0,False,True,False,False,False,True,False,False
6,4677,20,5744,53,22449.6,False,True,False,False,False,True,False,False
12,827,5,7619,54,9427.8,False,False,False,True,False,True,False,False
18,2627,10,4566,58,42557.4,False,True,False,False,False,False,True,False
14,3236,10,3345,34,40773.6,False,True,False,False,False,False,True,False
2,442,5,9349,52,839.8,False,False,True,False,True,False,False,False
9,1547,0,5816,22,13923.0,False,True,False,False,True,False,False,False
5,2479,0,922,49,12395.0,True,False,False,False,False,True,False,False
1,3759,0,7215,20,3759.0,True,False,False,False,False,False,False,True
3,626,10,4766,64,1690.2,False,False,False,True,False,False,False,True
6,1996,15,8049,52,10179.6,False,True,False,False,False,False,True,False
5,4854,10,6816,31,21843.0,False,False,False,True,False,False,True,False
5,2173,15,3210,48,9235.25,True,False,False,False,False,False,True,False
1,505,5,9144,48,479.75,False,True,False,False,True,False,False,False
17,1673,20,8569,34,22752.8,False,True,False,False,True,False,False,False
19,4700,15,2157,41,75905.0,False,False,False,True,False,False,True,False
14,3840,0,3041,40,53760.0,True,False,False,False,False,False,True,False
12,4374,10,7263,35,47239.2,False,True,False,False,False,False,True,False
10,4327,5,3575,31,41106.5,False,False,False,True,False,False,False,True
18,1946,0,3664,32,35028.0,True,False,False,False,True,False,False,False
11,1578,5,2553,32,16490.1,False,False,False,True,False,False,False,True
2,2495,20,8979,23,3992.0,False,False,True,False,False,False,False,True
18,871,10,6237,44,14110.2,False,True,False,False,False,False,True,False
7,678,10,3717,32,4271.4,False,False,True,False,False,False,True,False
15,3001,20,1947,53,36012.0,True,False,False,False,False,True,False,False
11,293,10,6509,25,2900.7,False,False,True,False,False,True,False,False
18,2107,15,1107,32,32237.1,False,False,True,False,False,False,False,True
12,1285,5,5052,20,14649.0,True,False,False,False,True,False,False,False
6,2494,0,2264,64,14964.0,False,False,False,True,False,False,True,False
13,3098,20,9917,30,32219.2,False,False,True,False,False,False,True,False
16,1892,15,9927,58,25731.2,False,False,False,True,False,False,False,True
18,1210,0,9721,51,21780.0,False,False,True,False,False,True,False,False
10,4105,0,3171,41,41050.0,False,False,False,True,True,False,False,False
8,2361,20,7019,57,15110.4,True,False,False,False,False,True,False,False
18,3836,15,4462,49,58690.8,False,False,True,False,False,True,False,False
1,3893,0,3677,49,3893.0,True,False,False,False,False,True,False,False
8,2036,0,4222,47,16288.0,False,False,True,False,False,True,False,False
6,4975,15,5406,30,25372.5,True,False,False,False,False,False,True,False
5,4457,10,7763,18,20056.5,True,False,False,False,False,False,True,False
15,829,0,5554,51,12435.0,False,False,True,False,False,True,False,False
15,4478,5,1308,32,63811.5,False,False,True,False,True,False,False,False
2,3551,15,9670,61,6036.7,False,False,True,False,False,False,False,True
1,4557,0,1225,31,4557.0,False,True,False,False,True,False,False,False
11,4636,20,8201,46,40796.8,False,False,False,True,True,False,False,False
10,2240,5,1716,51,21280.0,False,True,False,False,True,False,False,False
18,1744,0,4551,35,31392.0,False,True,False,False,False,True,False,False
18,2900,5,2697,24,49590.0,True,False,False,False,False,False,True,False
17,241,5,3306,46,3892.15,False,False,True,False,True,False,False,False
8,1555,10,9470,48,11196.0,False,False,False,True,False,True,False,False
15,4896,5,1472,42,69768.0,True,False,False,False,True,False,False,False
8,2196,10,6134,55,15811.2,False,True,False,False,True,False,False,False
17,1425,15,7983,31,20591.25,False,False,True,False,False,True,False,False
12,1313,10,2623,25,14180.4,True,False,False,False,False,False,True,False
8,1259,20,9290,44,8057.6,False,False,True,False,False,False,True,False
14,4750,0,724,19,66500.0,True,False,False,False,False,False,False,True
4,4599,15,9532,34,15636.6,False,False,True,False,False,True,False,False
1,4797,15,2314,54,4077.45,False,True,False,False,False,False,False,True
1,440,20,1606,31,352.0,False,False,False,True,False,False,False,True
19,3928,10,624,42,67168.8,False,True,False,False,False,False,False,True
16,2068,0,3746,47,33088.0,False,False,False,True,False,False,True,False
14,803,10,3431,46,10117.8,False,False,True,False,False,True,False,False
16,4513,5,3471,37,68597.6,True,False,False,False,False,False,False,True
5,2529,10,2517,38,11380.5,False,True,False,False,False,True,False,False
9,1900,15,7915,39,14535.0,False,False,False,True,False,True,False,False
2,4748,0,2915,52,9496.0,False,True,False,False,False,False,True,False
18,955,10,3596,54,15471.0,False,False,False,True,False,False,False,True
6,1912,0,2109,33,11472.0,False,True,False,False,False,False,False,True
9,2966,0,1217,60,26694.0,False,False,False,True,False,True,False,False
1,3742,5,4061,34,3554.9,False,False,False,True,True,False,False,False
9,282,5,9708,33,2411.1,False,False,True,False,False,False,True,False
16,3212,15,7282,19,43683.2,False,False,False,True,False,False,True,False
13,4592,20,1548,21,47756.8,False,False,True,False,False,False,True,False
9,1617,0,8807,38,14553.0,False,False,False,True,False,False,True,False
13,1456,20,8405,56,15142.4,True,False,False,False,False,False,False,True
9,2274,15,6078,51,17396.1,True,False,False,False,False,False,False,True
11,3729,0,2120,47,41019.0,True,False,False,False,True,False,False,False
4,3728,0,7048,23,14912.0,False,False,False,True,False,False,True,False
2,4196,20,7881,34,6713.6,False,False,True,False,False,False,True,False
6,3339,10,5280,56,18030.6,False,False,True,False,False,True,False,False
14,3791,5,4292,42,50420.3,False,False,False,True,False,False,False,True
4,118,10,3441,22,424.8,True,False,False,False,False,False,True,False
6,3503,20,6195,22,16814.4,True,False,False,False,True,False,False,False
19,4779,5,6901,37,86260.95,False,False,True,False,True,False,False,False
6,4651,10,9669,33,25115.4,True,False,False,False,False,False,False,True
2,3104,5,6697,58,5897.6,False,True,False,False,True,False,False,False
18,1232,0,5950,54,22176.0,False,False,True,False,True,False,False,False
13,3439,10,9475,57,40236.3,True,False,False,False,False,False,False,True
9,3411,5,8932,26,29164.05,False,False,True,False,False,False,True,False
19,3472,5,6374,22,62669.6,False,True,False,False,False,False,True,False
13,1087,5,2053,59,13424.45,False,False,True,False,True,False,False,False
11,3421,10,1512,19,33867.9,False,False,True,False,True,False,False,False
1,4715,15,8878,26,4007.75,False,False,True,False,False,False,True,False
7,273,10,2381,60,1719.9,False,False,True,False,False,False,False,True
15,3841,20,7299,53,46092.0,False,True,False,False,True,False,False,False
1,3152,10,5086,39,2836.8,False,False,False,True,False,True,False,False
12,826,5,9122,39,9416.4,False,False,True,False,False,False,False,True
7,3860,0,8930,39,27020.0,False,False,True,False,True,False,False,False
15,1975,10,6947,51,26662.5,True,False,False,False,True,False,False,False
19,4133,10,2845,46,70674.3,False,False,True,False,False,True,False,False
1,1089,5,575,55,1034.55,True,False,False,False,False,True,False,False
17,3844,0,6377,63,65348.0,False,False,False,True,False,False,True,False
17,2786,0,7285,50,47362.0,False,True,False,False,False,False,False,True
3,519,20,5422,35,1245.6,False,True,False,False,False,False,False,True
12,693,10,8590,24,7484.4,False,False,False,True,False,False,True,False
6,1874,0,2830,18,11244.0,False,True,False,False,False,False,False,True
11,2559,0,5186,50,28149.0,False,False,False,True,False,False,False,True
3,1035,15,2402,18,2639.25,False,False,False,True,False,False,False,True
8,3908,15,5170,41,26574.4,False,False,False,True,False,False,False,True
14,431,0,7643,21,6034.0,False,True,False,False,False,False,False,True
14,3549,20,2559,21,39748.8,True,False,False,False,False,True,False,False
10,2802,0,640,35,28020.0,False,False,False,True,False,False,False,True
2,4106,5,2289,44,7801.4,False,False,True,False,False,True,False,False
14,3968,10,516,60,49996.8,False,True,False,False,False,False,False,True
9,4300,20,964,49,30960.0,False,False,False,True,False,False,True,False
3,301,5,4971,50,857.85,False,False,False,True,True,False,False,False
8,2597,20,2327,45,16620.8,False,False,True,False,False,True,False,False
16,1942,5,9211,59,29518.4,True,False,False,False,False,False,False,True
2,1966,10,6456,58,3538.8,True,False,False,False,False,False,True,False
6,2096,10,589,53,11318.4,True,False,False,False,True,False,False,False
12,1009,15,5315,23,10291.8,False,False,False,True,False,True,False,False
5,4405,5,3351,33,20923.75,False,False,False,True,True,False,False,False
2,4758,15,3343,51,8088.6,False,False,False,True,False,False,True,False
16,3289,5,9617,40,49992.8,False,True,False,False,False,True,False,False
5,870,15,7043,59,3697.5,False,False,True,False,True,False,False,False
15,3255,10,6401,41,43942.5,False,False,False,True,False,False,False,True
12,2601,20,1469,30,24969.6,False,False,True,False,False,True,False,False
4,2814,15,1594,35,9567.6,False,False,True,False,True,False,False,False
15,4824,5,6624,30,68742.0,True,False,False,False,False,False,True,False
11,3685,5,7847,54,38508.25,False,True,False,False,False,False,True,False
16,1728,10,3695,60,24883.2,False,False,False,True,False,True,False,False
6,486,5,1904,56,2770.2,True,False,False,False,True,False,False,False
14,3521,0,7440,59,49294.0,True,False,False,False,False,True,False,False
18,4108,20,4790,34,59155.2,False,False,False,True,False,True,False,False
12,4193,15,4482,32,42768.6,False,False,True,False,True,False,False,False
11,4463,20,6055,35,39274.4,True,False,False,False,True,False,False,False
13,2566,10,8454,40,30022.2,False,False,True,False,False,False,False,True
11,2382,15,5213,47,22271.7,False,True,False,False,True,False,False,False
16,1956,15,3592,51,26601.6,False,False,True,False,False,False,True,False
15,2098,0,4659,21,31470.0,False,True,False,False,False,True,False,False
15,1336,10,6808,20,18036.0,False,False,True,False,False,True,False,False
4,4769,5,7978,24,18122.2,True,False,False,False,False,False,True,False
11,4244,0,8976,35,46684.0,True,False,False,False,True,False,False,False
19,1250,0,5433,59,23750.0,False,True,False,False,False,False,True,False
15,4418,20,5426,24,53016.0,False,False,False,True,False,False,True,False
4,1531,20,9879,57,4899.2,False,True,False,False,False,False,False,True
13,1919,20,4469,23,19957.6,False,True,False,False,False,False,True,False
19,2424,0,3465,39,46056.0,False,False,True,False,False,True,False,False
2,1230,5,4819,18,2337.0,False,False,True,False,False,False,True,False
14,2758,15,9475,21,32820.2,False,True,False,False,False,True,False,False
4,3600,20,7608,63,11520.0,True,False,False,False,False,True,False,False
16,474,5,9641,60,7204.8,False,False,True,False,False,True,False,False
14,2220,10,4439,46,27972.0,False,False,False,True,True,False,False,False
15,4120,20,544,38,49440.0,False,False,True,False,False,False,False,True
3,2121,15,2310,43,5408.55,False,False,True,False,False,True,False,False
8,3805,10,5066,31,27396.0,False,False,False,True,False,True,False,False
16,3359,10,9521,26,48369.6,False,True,False,False,True,False,False,False
10,3535,15,2409,64,30047.5,False,False,False,True,False,True,False,False
4,1989,20,6864,29,6364.8,False,True,False,False,False,False,True,False
18,1923,0,3081,59,34614.0,False,True,False,False,False,False,True,False
2,1574,15,1191,23,2675.8,False,True,False,False,False,False,False,True
17,2342,15,1431,37,33841.9,False,False,False,True,False,True,False,False
13,3343,15,8410,41,36940.15,False,True,False,False,True,False,False,False
4,3234,10,6882,44,11642.4,True,False,False,False,False,False,True,False
11,2170,5,3906,55,22676.5,False,False,False,True,True,False,False,False
7,459,0,8839,25,3213.0,True,False,False,False,True,False,False,False
12,2141,20,1532,18,20553.6,False,True,False,False,False,False,True,False
10,1241,20,1811,41,9928.0,False,False,True,False,True,False,False,False
7,1735,5,9079,64,11537.75,False,True,False,False,False,False,True,False
13,4100,15,3621,24,45305.0,True,False,False,False,True,False,False,False
7,2043,0,2373,36,14301.0,True,False,False,False,False,False,True,False
17,4874,20,9607,39,66286.4,False,False,False,True,False,True,False,False
10,3461,20,7281,52,27688.0,False,False,True,False,False,False,False,True
10,3080,15,4248,47,26180.0,False,False,False,True,False,False,True,False
4,106,5,777,46,402.8,True,False,False,False,False,False,True,False
4,3367,0,2359,39,13468.0,False,True,False,False,False,False,False,True
7,1691,5,6429,28,11245.15,False,False,True,False,False,False,True,False
1,3364,5,7292,37,3195.8,False,True,False,False,False,False,True,False
12,2706,0,5213,46,32472.0,False,True,False,False,True,False,False,False
13,3319,0,5175,58,43147.0,False,False,True,False,False,False,False,True
10,3373,20,1670,59,26984.0,False,False,False,True,False,True,False,False
15,1013,20,9181,51,12156.0,False,True,False,False,False,False,True,False
13,2111,0,9874,18,27443.0,True,False,False,False,False,False,False,True
9,1542,10,5808,48,12490.2,False,True,False,False,True,False,False,False
9,3154,20,2962,47,22708.8,False,False,True,False,False,True,False,False
15,3646,10,787,35,49221.0,False,False,True,False,False,False,False,True
10,4321,0,6453,34,43210.0,False,False,True,False,False,True,False,False
10,3028,20,4782,55,24224.0,False,False,False,True,False,True,False,False
8,1929,5,2407,31,14660.4,False,True,False,False,False,True,False,False
16,675,0,1661,40,10800.0,False,False,False,True,False,False,True,False
17,1029,15,629,42,14869.05,False,False,False,True,False,False,True,False
5,3859,10,6837,32,17365.5,False,False,True,False,True,False,False,False
4,3799,0,2863,63,15196.0,False,False,True,False,True,False,False,False
18,1563,0,8651,39,28134.0,False,False,False,True,False,False,False,True
19,3375,20,6483,20,51300.0,False,True,False,False,True,False,False,False
4,1154,20,643,36,3692.8,True,False,False,False,False,True,False,False
7,2000,20,8707,61,11200.0,False,False,False,True,False,True,False,False
10,1557,15,7969,51,13234.5,False,True,False,False,False,False,True,False
18,1499,20,744,52,21585.6,False,False,True,False,False,True,False,False
19,3515,0,1426,18,66785.0,False,False,True,False,False,False,False,True
4,542,20,3678,38,1734.4,False,True,False,False,False,True,False,False
10,3750,5,2676,46,35625.0,True,False,False,False,False,True,False,False
1,4752,20,5502,23,3801.6,False,False,True,False,False,False,False,True
18,1278,15,1386,54,19553.4,False,False,True,False,True,False,False,False
5,4558,5,9032,18,21650.5,False,False,True,False,True,False,False,False
15,1357,0,3898,18,20355.0,False,True,False,False,False,False,False,True
17,3734,0,8997,44,63478.0,False,False,False,True,False,False,True,False
3,1941,10,9599,38,5240.7,False,False,True,False,False,True,False,False
12,2409,5,3154,33,27462.6,False,False,False,True,False,False,False,True
2,1010,10,7892,61,1818.0,True,False,False,False,False,True,False,False
1,4440,5,1871,57,4218.0,False,False,True,False,False,False,True,False
17,4737,5,7635,43,76502.55,False,False,True,False,False,True,False,False
16,4109,15,820,33,55882.4,True,False,False,False,False,False,False,True
5,2269,10,5154,45,10210.5,False,False,True,False,False,True,False,False
15,2272,15,5800,18,28968.0,False,False,False,True,True,False,False,False
3,223,5,7261,53,635.55,False,True,False,False,False,False,True,False
7,3258,0,7354,27,22806.0,False,False,False,True,False,False,True,False
11,885,5,6005,60,9248.25,False,True,False,False,False,False,True,False
10,2516,15,9823,34,21386.0,False,True,False,False,False,False,False,True
9,896,10,7053,40,7257.6,False,False,False,True,False,False,True,False
14,4272,10,4542,24,53827.2,False,False,False,True,True,False,False,False
13,4254,15,9509,61,47006.7,False,False,False,True,False,False,False,True
2,2036,10,7998,24,3664.8,False,False,False,True,True,False,False,False
3,2256,20,7136,61,5414.4,True,False,False,False,False,True,False,False
7,3907,0,7862,32,27349.0,False,False,True,False,False,True,False,False
18,1401,0,511,51,25218.0,False,True,False,False,False,True,False,False
3,4263,0,694,63,12789.0,False,False,False,True,False,True,False,False
10,3240,10,3037,62,29160.0,False,False,False,True,True,False,False,False
7,3336,10,3342,21,21016.8,False,False,False,True,False,False,False,True
9,2452,5,2729,31,20964.6,True,False,False,False,False,False,False,True
17,2032,5,3509,31,32816.8,False,False,False,True,False,False,True,False
11,2821,0,8484,33,31031.0,False,False,False,True,True,False,False,False
7,464,20,2577,24,2598.4,False,False,False,True,False,True,False,False
14,2490,5,8345,49,33117.0,False,False,True,False,True,False,False,False
19,1046,5,4367,36,18880.3,True,False,False,False,False,False,True,False
4,1477,10,5373,19,5317.2,False,False,False,True,False,False,True,False
6,1539,20,9135,27,7387.2,False,True,False,False,True,False,False,False
10,3280,0,797,34,32800.0,False,True,False,False,True,False,False,False
7,4957,5,6356,54,32964.05,False,True,False,False,True,False,False,False
13,440,20,9536,29,4576.0,True,False,False,False,False,False,False,True
14,3089,20,1515,23,34596.8,True,False,False,False,False,True,False,False
4,482,0,1884,39,1928.0,False,True,False,False,True,False,False,False
8,1656,20,9245,49,10598.4,False,False,False,True,True,False,False,False
5,399,20,2850,58,1596.0,True,False,False,False,True,False,False,False
1,238,20,1769,37,190.4,False,True,False,False,False,False,True,False
4,458,5,1760,18,1740.4,False,True,False,False,False,False,True,False
3,1622,0,8201,64,4866.0,False,False,False,True,False,False,False,True
9,3556,20,8876,23,25603.2,False,False,True,False,False,True,False,False
8,1727,20,5063,36,11052.8,True,False,False,False,False,False,False,True
1,1403,5,7397,35,1332.85,False,False,False,True,False,True,False,False
6,1234,0,6172,23,7404.0,False,True,False,False,False,False,True,False
9,2286,10,6093,62,18516.6,False,True,False,False,False,False,True,False
7,3270,5,6655,50,21745.5,False,False,False,True,False,False,True,False
4,3935,0,6043,40,15740.0,True,False,False,False,False,False,False,True
13,2251,20,7740,40,23410.4,False,False,True,False,True,False,False,False
17,1337,0,5183,43,22729.0,False,False,True,False,True,False,False,False
2,3835,0,2381,30,7670.0,False,True,False,False,False,False,True,False
5,2934,0,9213,24,14670.0,True,False,False,False,True,False,False,False
12,4360,10,4309,32,47088.0,False,False,True,False,True,False,False,False
8,1098,0,6307,61,8784.0,True,False,False,False,False,False,False,True
6,2667,10,5383,44,14401.8,True,False,False,False,False,True,False,False
8,1407,20,7706,43,9004.8,False,True,False,False,False,False,True,False
18,756,10,4655,50,12247.2,False,False,True,False,False,False,True,False
3,2760,20,5173,32,6624.0,False,False,False,True,False,False,False,True
12,2311,20,1909,53,22185.6,False,True,False,False,False,False,False,True
3,2009,10,5697,62,5424.3,False,False,True,False,True,False,False,False
6,3830,5,7952,44,21831.0,False,False,True,False,False,False,True,False
2,2146,15,9218,22,3648.2,False,False,True,False,False,True,False,False
12,3262,0,2672,19,39144.0,False,False,True,False,False,False,False,True
2,1240,15,779,50,2108.0,False,False,True,False,False,True,False,False
6,366,0,4477,33,2196.0,True,False,False,False,False,True,False,False
17,1945,0,3169,40,33065.0,False,True,False,False,False,False,True,False
3,1808,20,8325,55,4339.2,True,False,False,False,False,False,True,False
2,3730,0,4481,33,7460.0,False,False,False,True,False,False,False,True
8,3311,0,5269,31,26488.0,False,False,True,False,False,False,True,False
12,2393,10,5747,46,25844.4,False,True,False,False,False,False,True,False
4,3832,15,4927,43,13028.8,False,False,True,False,False,False,True,False
5,3929,10,6635,52,17680.5,False,True,False,False,False,True,False,False
13,1610,0,6073,32,20930.0,True,False,False,False,False,False,False,True
15,575,20,4631,20,6900.0,False,True,False,False,True,False,False,False
16,1076,10,7689,40,15494.4,False,False,False,True,False,True,False,False
10,1307,10,5035,46,11763.0,False,False,False,True,False,False,True,False
16,2060,5,3276,51,31312.0,False,True,False,False,False,True,False,False
12,657,0,9811,50,7884.0,False,True,False,False,False,False,True,False
17,982,20,8197,58,13355.2,False,True,False,False,False,False,True,False
16,2294,10,8886,58,33033.6,False,True,False,False,False,True,False,False
12,4861,10,1162,40,52498.8,False,False,False,True,False,False,False,True
8,2767,20,9171,24,17708.8,False,False,True,False,False,False,True,False
3,4777,0,8544,20,14331.0,False,True,False,False,False,False,False,True
16,4890,5,4718,49,74328.0,False,True,False,False,True,False,False,False
13,1710,10,5560,48,20007.0,False,False,False,True,False,False,True,False
19,3588,5,6374,35,64763.4,False,False,False,True,False,False,False,True
8,2554,15,6081,60,17367.2,True,False,False,False,False,False,False,True
5,4594,0,2514,24,22970.0,False,True,False,False,True,False,False,False
8,2046,15,4289,58,13912.8,True,False,False,False,False,False,False,True
12,4910,15,9603,18,50082.0,False,False,False,True,False,False,False,True
1,4899,15,7648,31,4164.15,False,False,False,True,True,False,False,False
6,2908,0,8266,49,17448.0,False,False,True,False,False,False,True,False
18,3925,0,2864,23,70650.0,False,True,False,False,False,False,False,True
8,3636,20,4129,56,23270.4,True,False,False,False,False,False,False,True
7,3902,5,6419,27,25948.3,False,False,False,True,False,False,False,True
1,4277,5,6175,24,4063.15,False,False,False,True,False,True,False,False
16,4799,20,9372,43,61427.2,True,False,False,False,True,False,False,False
12,2070,20,7138,51,19872.0,False,False,True,False,False,True,False,False
6,3922,15,5151,47,20002.2,False,False,False,True,True,False,False,False
2,2919,20,1109,53,4670.4,False,True,False,False,False,False,True,False
14,1002,10,8440,38,12625.2,False,False,False,True,False,False,True,False
4,464,5,4366,34,1763.2,False,True,False,False,False,False,False,True
1,4358,20,871,50,3486.4,True,False,False,False,True,False,False,False
18,3219,10,7498,27,52147.8,False,True,False,False,False,False,True,False
13,2658,10,1115,64,31098.6,True,False,False,False,True,False,False,False
2,1963,10,7411,59,3533.4,False,True,False,False,False,False,True,False
9,215,10,6510,29,1741.5,True,False,False,False,False,True,False,False
2,2484,15,2753,33,4222.8,False,True,False,False,False,False,True,False
9,4035,10,5442,58,32683.5,False,False,True,False,False,True,False,False
1,2590,15,1364,49,2201.5,False,True,False,False,False,False,True,False
11,1042,15,1768,32,9742.7,False,True,False,False,False,False,False,True
3,1824,10,7954,44,4924.8,False,False,True,False,False,True,False,False
4,2434,5,9476,45,9249.2,False,False,False,True,False,False,True,False
18,2867,10,5071,34,46445.4,False,False,False,True,False,False,False,True
6,1237,10,5729,63,6679.8,False,True,False,False,False,True,False,False
3,2627,10,2737,19,7092.9,False,False,True,False,False,False,False,True
11,4217,5,4554,53,44067.65,False,True,False,False,True,False,False,False
15,3520,0,1435,24,52800.0,True,False,False,False,True,False,False,False
5,4878,0,6894,30,24390.0,True,False,False,False,False,True,False,False
10,4006,15,8391,32,34051.0,False,True,False,False,False,False,True,False
12,3737,15,825,42,38117.4,False,False,False,True,False,True,False,False
15,3053,5,8274,40,43505.25,False,False,False,True,False,False,False,True
17,2467,20,4361,39,33551.2,False,True,False,False,False,False,True,False
10,4321,0,2485,43,43210.0,False,True,False,False,True,False,False,False
6,376,15,5432,50,1917.6,True,False,False,False,False,False,True,False
18,2099,0,5103,28,37782.0,False,False,False,True,True,False,False,False
13,1327,5,3278,27,16388.45,False,True,False,False,False,False,True,False
3,3852,5,9962,42,10978.2,True,False,False,False,False,False,True,False
10,3835,20,9332,54,30680.0,False,False,False,True,False,False,True,False
14,795,20,8254,60,8904.0,False,False,True,False,False,False,False,True
6,1409,5,4578,55,8031.3,True,False,False,False,False,False,False,True
3,4252,15,1867,58,10842.6,False,False,False,True,False,True,False,False
16,3334,0,4542,62,53344.0,False,False,False,True,False,True,False,False
7,4214,10,3075,41,26548.2,True,False,False,False,True,False,False,False
14,2411,20,7254,57,27003.2,False,False,True,False,False,False,False,True
9,2941,10,2081,63,23822.1,True,False,False,False,True,False,False,False
15,4308,15,2486,50,54927.0,False,False,False,True,False,True,False,False
3,3659,20,2740,34,8781.6,False,True,False,False,True,False,False,False
2,3498,10,4466,41,6296.4,False,True,False,False,False,True,False,False
2,641,15,8104,54,1089.7,True,False,False,False,False,False,False,True
3,2794,0,8820,19,8382.0,False,False,False,True,False,False,True,False
18,4774,15,6468,49,73042.2,False,True,False,False,False,False,False,True
14,1188,20,9543,41,13305.6,False,False,False,True,True,False,False,False
18,3463,5,7993,26,59217.3,True,False,False,False,True,False,False,False
10,124,0,4603,21,1240.0,False,True,False,False,False,False,False,True
2,1672,10,2576,34,3009.6,False,False,False,True,False,False,False,True
1,3058,20,5731,34,2446.4,False,True,False,False,False,True,False,False
4,4336,5,3494,47,16476.8,True,False,False,False,True,False,False,False
14,1867,15,4244,57,22217.3,False,False,False,True,True,False,False,False
1,4843,5,6094,28,4600.85,False,True,False,False,False,False,False,True
14,2335,20,8031,38,26152.0,True,False,False,False,False,False,True,False
16,300,20,7871,38,3840.0,False,True,False,False,True,False,False,False
14,3298,5,2144,35,43863.4,False,True,False,False,False,False,True,False
3,356,15,3644,46,907.8,False,False,True,False,False,False,False,True
3,3847,5,742,41,10963.95,False,False,True,False,False,False,False,True
9,4742,20,4585,27,34142.4,True,False,False,False,False,True,False,False
6,2341,20,8454,62,11236.8,False,False,True,False,True,False,False,False
13,3275,10,7769,34,38317.5,True,False,False,False,False,False,True,False
2,3706,10,7630,35,6670.8,False,False,True,False,False,True,False,False
8,3436,0,7328,59,27488.0,False,True,False,False,True,False,False,False
2,4997,20,8862,37,7995.2,True,False,False,False,False,True,False,False
4,513,10,9344,54,1846.8,True,False,False,False,False,False,False,True
15,2114,5,6831,62,30124.5,False,True,False,False,True,False,False,False
4,1481,15,4012,35,5035.4,True,False,False,False,False,True,False,False
13,1198,5,1999,34,14795.3,True,False,False,False,False,True,False,False
12,3526,15,2658,26,35965.2,False,False,True,False,False,False,True,False
13,3755,10,5662,31,43933.5,True,False,False,False,False,True,False,False
14,1009,0,4539,46,14126.0,False,False,False,True,True,False,False,False
18,287,5,2535,48,4907.7,False,True,False,False,True,False,False,False
6,4144,5,8477,21,23620.8,False,False,True,False,False,False,True,False
11,3856,5,1357,35,40295.2,False,False,True,False,True,False,False,False
2,2115,15,4323,37,3595.5,False,False,False,True,False,False,False,True
19,2192,10,7270,64,37483.2,False,True,False,False,True,False,False,False
19,3744,5,9741,60,67579.2,False,True,False,False,True,False,False,False
5,2230,5,798,61,10592.5,False,False,True,False,False,True,False,False
19,457,0,7744,26,8683.0,True,False,False,False,False,True,False,False
2,2522,0,1423,30,5044.0,False,False,True,False,True,False,False,False
10,4357,10,4732,32,39213.0,False,True,False,False,False,False,True,False
2,4645,10,4806,44,8361.0,False,False,False,True,False,True,False,False
11,1597,20,3299,32,14053.6,False,False,True,False,False,False,True,False
18,2258,0,7078,45,40644.0,False,True,False,False,True,False,False,False
15,2655,20,5375,54,31860.0,False,False,True,False,True,False,False,False
9,2442,15,5826,36,18681.3,True,False,False,False,False,False,False,True
19,3051,20,7082,43,46375.2,False,False,True,False,False,True,False,False
9,1338,5,2302,43,11439.9,False,False,True,False,True,False,False,False
3,1073,20,3157,42,2575.2,False,True,False,False,False,False,False,True
9,4827,10,3846,43,39098.7,False,True,False,False,False,True,False,False
14,4065,15,3449,43,48373.5,False,True,False,False,True,False,False,False
19,1150,5,1441,63,20757.5,False,False,True,False,True,False,False,False
7,3801,20,2407,45,21285.6,True,False,False,False,False,True,False,False
16,2880,15,5337,35,39168.0,False,False,False,True,False,True,False,False
16,1688,15,8605,49,22956.8,False,False,False,True,False,True,False,False
1,3978,5,1743,20,3779.1,False,True,False,False,True,False,False,False
4,2468,20,6196,19,7897.6,False,True,False,False,True,False,False,False
4,536,15,1966,50,1822.4,False,False,True,False,False,False,False,True
7,2928,15,4457,59,17421.6,False,False,False,True,False,False,True,False
8,1656,0,2466,36,13248.0,False,True,False,False,False,True,False,False
17,3958,15,875,34,57193.1,True,False,False,False,True,False,False,False
5,1404,0,762,61,7020.0,True,False,False,False,True,False,False,False
7,2484,20,4862,50,13910.4,False,True,False,False,False,True,False,False
4,282,20,7002,29,902.4,False,True,False,False,False,False,True,False
6,1689,20,8333,20,8107.2,False,False,False,True,False,True,False,False
7,1687,10,2393,60,10628.1,False,False,False,True,False,False,True,False
18,759,20,8606,43,10929.6,False,False,True,False,True,False,False,False
5,259,15,2152,52,1100.75,False,False,False,True,False,False,True,False
3,4053,5,6040,25,11551.05,True,False,False,False,False,False,False,True
7,1111,0,4392,53,7777.0,True,False,False,False,True,False,False,False
14,152,10,1099,24,1915.2,False,True,False,False,False,False,False,True
7,2407,20,5315,63,13479.2,False,False,False,True,False,True,False,False
5,1328,20,2412,63,5312.0,False,False,True,False,False,True,False,False
5,1135,5,9984,53,5391.25,True,False,False,False,False,True,False,False
2,3802,5,9292,33,7223.8,True,False,False,False,False,False,True,False
6,4145,10,9072,41,22383.0,False,False,True,False,True,False,False,False
15,4549,0,4713,18,68235.0,False,False,True,False,False,True,False,False
10,1364,20,4137,42,10912.0,True,False,False,False,False,True,False,False
7,1984,10,9790,27,12499.2,True,False,False,False,True,False,False,False
5,1909,15,6099,33,8113.25,False,False,True,False,False,True,False,False
1,3267,15,6948,33,2776.95,True,False,False,False,False,False,False,True
13,3897,10,9057,25,45594.9,False,True,False,False,True,False,False,False
18,2441,20,7882,46,35150.4,False,True,False,False,True,False,False,False
13,3514,10,9482,56,41113.8,False,False,True,False,True,False,False,False
18,917,20,4069,45,13204.8,False,False,False,True,False,False,False,True
5,2537,5,8207,23,12050.75,False,False,True,False,True,False,False,False
13,988,10,1246,33,11559.6,False,False,True,False,False,False,False,True
4,767,20,9004,37,2454.4,False,False,False,True,True,False,False,False
17,4828,10,5133,33,73868.4,False,False,False,True,False,False,True,False
3,2724,10,1420,24,7354.8,False,False,False,True,False,True,False,False
17,4332,20,9769,58,58915.2,False,True,False,False,False,False,True,False
11,4623,20,7508,31,40682.4,True,False,False,False,False,True,False,False
4,918,0,2881,60,3672.0,False,True,False,False,False,False,False,True
2,2288,10,4118,43,4118.4,True,False,False,False,False,False,True,False
16,1206,15,9489,43,16401.6,False,True,False,False,True,False,False,False
18,2324,10,4943,31,37648.8,True,False,False,False,False,True,False,False
8,297,10,772,24,2138.4,False,True,False,False,False,True,False,False
3,2771,20,2273,50,6650.4,False,False,False,True,False,False,True,False
9,3592,10,3047,43,29095.2,False,False,True,False,False,False,False,True
6,2548,10,3664,62,13759.2,False,True,False,False,False,False,True,False
10,570,15,5280,37,4845.0,True,False,False,False,False,False,False,True
10,2048,20,1446,20,16384.0,False,False,False,True,False,False,False,True
13,3999,10,1006,21,46788.3,False,True,False,False,False,True,False,False
17,2110,5,7219,43,34076.5,False,True,False,False,False,False,True,False
9,3900,0,8935,28,35100.0,False,False,False,True,False,False,True,False
17,4218,15,9197,19,60950.1,False,True,False,False,False,False,False,True
9,3896,10,6860,31,31557.6,False,False,True,False,False,False,True,False
9,4088,5,8157,61,34952.4,False,True,False,False,True,False,False,False
1,334,10,4090,47,300.6,False,False,True,False,True,False,False,False
2,1028,10,1692,29,1850.4,False,False,True,False,False,False,True,False
16,3707,20,1964,43,47449.6,False,False,False,True,False,False,True,False
1,622,20,890,61,497.6,False,True,False,False,False,False,False,True
10,3623,20,6115,50,28984.0,False,False,False,True,True,False,False,False
18,4626,5,6606,30,79104.6,False,True,False,False,True,False,False,False
8,4988,10,9364,31,35913.6,False,True,False,False,False,True,False,False
11,1729,0,3060,41,19019.0,True,False,False,False,False,False,False,True
2,4728,15,6367,51,8037.6,False,True,False,False,False,True,False,False
8,1416,20,1711,61,9062.4,False,False,False,True,True,False,False,False
8,2957,20,9621,43,18924.8,False,False,True,False,False,False,False,True
17,1224,10,2039,38,18727.2,False,True,False,False,False,False,True,False
15,2687,10,9604,45,36274.5,True,False,False,False,False,False,False,True
17,1123,5,1143,53,18136.45,False,False,False,True,False,False,True,False
13,1478,5,9193,57,18253.3,False,True,False,False,False,False,True,False
19,3474,20,9421,19,52804.8,False,False,False,True,False,False,False,True
5,1619,10,1783,59,7285.5,True,False,False,False,False,False,True,False
12,326,0,8180,26,3912.0,True,False,False,False,False,True,False,False
1,991,15,7845,40,842.35,False,False,False,True,True,False,False,False
5,4172,10,4886,32,18774.0,False,True,False,False,False,False,True,False
8,2357,10,1419,30,16970.4,False,False,True,False,False,True,False,False
13,2888,5,2839,40,35666.8,True,False,False,False,False,False,True,False
8,496,15,9447,34,3372.8,False,True,False,False,True,False,False,False
11,2178,20,6430,19,19166.4,False,True,False,False,False,True,False,False
1,4844,10,5902,37,4359.6,False,False,True,False,True,False,False,False
13,4524,20,6163,37,47049.6,True,False,False,False,True,False,False,False
19,3337,10,5775,63,57062.7,True,False,False,False,False,True,False,False
3,3993,20,1007,20,9583.2,False,True,False,False,False,True,False,False
17,2105,15,1936,29,30417.25,False,True,False,False,False,True,False,False
5,2116,5,9250,57,10051.0,False,False,True,False,False,False,False,True
8,3271,15,7854,19,22242.8,False,False,True,False,False,True,False,False
14,2768,0,5016,53,38752.0,True,False,False,False,False,True,False,False
4,1978,5,4122,31,7516.4,False,False,False,True,False,True,False,False
11,1296,15,4899,33,12117.6,True,False,False,False,False,True,False,False
15,1872,0,5537,36,28080.0,False,True,False,False,False,False,True,False
19,261,10,8611,51,4463.1,True,False,False,False,False,False,False,True
7,4076,10,4215,61,25678.8,False,False,False,True,True,False,False,False
19,1851,20,8337,63,28135.2,False,False,True,False,False,True,False,False
19,875,5,1801,23,15793.75,False,False,False,True,False,False,True,False
11,1039,10,7870,30,10286.1,False,False,False,True,False,False,True,False
5,3320,5,5685,53,15770.0,False,False,False,True,False,False,True,False
5,639,10,2655,39,2875.5,False,False,True,False,True,False,False,False
8,1561,20,6911,35,9990.4,False,False,False,True,False,True,False,False
10,455,15,6865,29,3867.5,False,False,False,True,False,False,False,True
6,3704,20,1192,47,17779.2,False,False,False,True,False,False,False,True
15,3423,0,1978,57,51345.0,False,True,False,False,False,False,True,False
16,334,10,6896,24,4809.6,False,False,False,True,True,False,False,False
17,1648,0,8948,49,28016.0,False,False,True,False,True,False,False,False
8,2196,0,941,36,17568.0,False,False,False,True,True,False,False,False
8,4313,5,3146,23,32778.8,False,False,False,True,False,False,False,True
9,2201,10,5709,37,17828.1,False,False,True,False,False,False,True,False
2,1773,0,7033,44,3546.0,False,False,False,True,False,True,False,False
15,2200,15,5177,60,28050.0,False,False,True,False,False,False,False,True
18,3757,0,7711,54,67626.0,False,False,False,True,False,False,True,False
3,4753,15,3145,24,12120.15,False,False,True,False,False,False,True,False
17,3696,5,8710,22,59690.4,False,False,False,True,False,True,False,False
4,3848,0,9816,28,15392.0,False,False,False,True,False,True,False,False
4,3273,20,8433,32,10473.6,False,True,False,False,False,True,False,False
14,1915,5,5976,20,25469.5,False,True,False,False,True,False,False,False
9,3941,15,8428,22,30148.65,False,False,False,True,False,True,False,False
9,2105,5,2580,40,17997.75,False,False,False,True,False,False,True,False
18,4593,0,6589,54,82674.0,True,False,False,False,False,True,False,False
